<metadata xml:lang="zh"><Esri><CreaDate>20240428</CreaDate><CreaTime>16253300</CreaTime><ArcGISFormat>1.0</ArcGISFormat><SyncOnce>FALSE</SyncOnce><DataProperties><lineage><Process ToolSource="d:\program files\arcgis\pro\Resources\ArcToolbox\toolboxes\Conversion Tools.tbx\FeatureClassToFeatureClass" Date="20240428" Time="162533">FeatureClassToFeatureClass 县 F:\ArcgisWorkSpace\Projects\TIF单波段提取合并\TIF单波段提取合并.gdb E # "name "name" true true false 254 Text 0 0,First,#,县,县.name,0,254;gb "gb" true true false 254 Text 0 0,First,#,县,县.gb,0,254;SD "SD" true true false 254 Text 0 0,First,#,县,县.SD,0,254;FID "FID" false true false 4 Long 0 9,First,#,县,市.FID,-1,-1;市名 "市名" true true false 254 Text 0 0,First,#,县,市.市名,0,254;市代码 "市代码" true true false 254 Text 0 0,First,#,县,市.市代码,0,254;省名 "省名" true true false 254 Text 0 0,First,#,县,市.省名,0,254;省代码 "省代码" true true false 254 Text 0 0,First,#,县,市.省代码,0,254;Shape_Leng "Shape_Leng" true true false 19 Double 0 0,First,#,县,市.Shape_Leng,-1,-1;Shape_Area "Shape_Area" true true false 19 Double 0 0,First,#,县,市.Shape_Area,-1,-1" #</Process><Process ToolSource="d:\program files\arcgis\pro\Resources\ArcToolbox\toolboxes\Conversion Tools.tbx\FeatureClassToFeatureClass" Date="20240428" Time="163139">FeatureClassToFeatureClass E F:\ArcgisWorkSpace\Projects\TIF单波段提取合并\TIF单波段提取合并.gdb E1 # "name "name" true true false 254 Text 0 0,First,#,E,name,0,254;gb "gb" true true false 254 Text 0 0,First,#,E,gb,0,254;SD "SD" true true false 254 Text 0 0,First,#,E,SD,0,254;FID "FID" true true false 4 Long 0 0,First,#,E,FID,-1,-1;市名 "市名" true true false 254 Text 0 0,First,#,E,市名,0,254;市代码 "市代码" true true false 254 Text 0 0,First,#,E,市代码,0,254;省名 "省名" true true false 254 Text 0 0,First,#,E,省名,0,254;省代码 "省代码" true true false 254 Text 0 0,First,#,E,省代码,0,254;Shape_Leng "Shape_Leng" true true false 8 Double 0 0,First,#,E,Shape_Leng,-1,-1;Shape_Length "Shape_Length" false true true 8 Double 0 0,First,#,E,Shape_Length,-1,-1;Shape_Area "Shape_Area" false true true 8 Double 0 0,First,#,E,Shape_Area,-1,-1" #</Process><Process ToolSource="d:\program files\arcgis\pro\Resources\ArcToolbox\toolboxes\Conversion Tools.tbx\FeatureClassToFeatureClass" Date="20240428" Time="163543">FeatureClassToFeatureClass E1 F:\ArcgisWorkSpace\Projects\TIF单波段提取合并\TIF单波段提取合并.gdb E3 # "name "name" true true false 254 Text 0 0,First,#,E1,name,0,254;gb "gb" true true false 254 Text 0 0,First,#,E1,gb,0,254;市名 "市名" true true false 254 Text 0 0,First,#,E1,市名,0,254;市代码 "市代码" true true false 254 Text 0 0,First,#,E1,市代码,0,254;省名 "省名" true true false 254 Text 0 0,First,#,E1,省名,0,254;省代码 "省代码" true true false 254 Text 0 0,First,#,E1,省代码,0,254;Shape_Length "Shape_Length" false true true 8 Double 0 0,First,#,E1,Shape_Length,-1,-1;Shape_Area "Shape_Area" false true true 8 Double 0 0,First,#,E1,Shape_Area,-1,-1" #</Process><Process ToolSource="d:\program files\arcgis\pro\Resources\ArcToolbox\toolboxes\Data Management Tools.tbx\Merge" Date="20240428" Time="163738">Merge E3;E4 F:\ArcgisWorkSpace\Projects\TIF单波段提取合并\TIF单波段提取合并.gdb\E3_Merge "name "name" true true false 254 Text 0 0,First,#,E3,name,0,254,E4,name,0,254;gb "gb" true true false 254 Text 0 0,First,#,E3,gb,0,254,E4,gb,0,254;市名 "市名" true true false 254 Text 0 0,First,#,E3,市名,0,254,E4,市名,0,254;市代码 "市代码" true true false 254 Text 0 0,First,#,E3,市代码,0,254,E4,市代码,0,254;省名 "省名" true true false 254 Text 0 0,First,#,E3,省名,0,254,E4,省名,0,254;省代码 "省代码" true true false 254 Text 0 0,First,#,E3,省代码,0,254,E4,省代码,0,254;Shape_Length "Shape_Length" false true true 8 Double 0 0,First,#,E3,Shape_Length,-1,-1,E4,Shape_Length,-1,-1;Shape_Area "Shape_Area" false true true 8 Double 0 0,First,#,E3,Shape_Area,-1,-1,E4,Shape_Area,-1,-1" NO_SOURCE_INFO</Process><Process ToolSource="d:\program files\arcgis\pro\Resources\ArcToolbox\toolboxes\Data Management Tools.tbx\UpdateSchema" Date="20240428" Time="164028">UpdateSchema "CIMDATA=&lt;CIMStandardDataConnection xsi:type='typens:CIMStandardDataConnection' xmlns:xsi='http://www.w3.org/2001/XMLSchema-instance' xmlns:xs='http://www.w3.org/2001/XMLSchema' xmlns:typens='http://www.esri.com/schemas/ArcGIS/2.8.0'&gt;&lt;WorkspaceConnectionString&gt;DATABASE=F:\ArcgisWorkSpace\Projects\TIF单波段提取合并\TIF单波段提取合并.gdb&lt;/WorkspaceConnectionString&gt;&lt;WorkspaceFactory&gt;FileGDB&lt;/WorkspaceFactory&gt;&lt;Dataset&gt;E3_Merge&lt;/Dataset&gt;&lt;DatasetType&gt;esriDTFeatureClass&lt;/DatasetType&gt;&lt;/CIMStandardDataConnection&gt;" &lt;operationSequence&gt;&lt;workflow&gt;&lt;AlterField&gt;&lt;field_name&gt;name&lt;/field_name&gt;&lt;new_field_name&gt;县名&lt;/new_field_name&gt;&lt;field_type&gt;TEXT&lt;/field_type&gt;&lt;field_is_nullable&gt;True&lt;/field_is_nullable&gt;&lt;clear_field_alias&gt;False&lt;/clear_field_alias&gt;&lt;/AlterField&gt;&lt;/workflow&gt;&lt;workflow&gt;&lt;AlterField&gt;&lt;field_name&gt;gb&lt;/field_name&gt;&lt;new_field_name&gt;县代码&lt;/new_field_name&gt;&lt;field_type&gt;TEXT&lt;/field_type&gt;&lt;field_is_nullable&gt;True&lt;/field_is_nullable&gt;&lt;clear_field_alias&gt;False&lt;/clear_field_alias&gt;&lt;/AlterField&gt;&lt;/workflow&gt;&lt;workflow&gt;&lt;AlterField&gt;&lt;field_name&gt;市名&lt;/field_name&gt;&lt;new_field_name&gt;市名&lt;/new_field_name&gt;&lt;field_type&gt;TEXT&lt;/field_type&gt;&lt;field_is_nullable&gt;True&lt;/field_is_nullable&gt;&lt;clear_field_alias&gt;False&lt;/clear_field_alias&gt;&lt;/AlterField&gt;&lt;/workflow&gt;&lt;/operationSequence&gt;</Process><Process ToolSource="d:\program files\arcgis\pro\Resources\ArcToolbox\toolboxes\Conversion Tools.tbx\FeatureClassToFeatureClass" Date="20240428" Time="164049">FeatureClassToFeatureClass E3_Merge F:\ArcgisWorkSpace\Projects\TIF单波段提取合并\TIF单波段提取合并.gdb 县final # "县名 "县名" true true false 254 Text 0 0,First,#,E3_Merge,县名,0,254;县代码 "县代码" true true false 254 Text 0 0,First,#,E3_Merge,县代码,0,254;市名 "市名" true true false 254 Text 0 0,First,#,E3_Merge,市名,0,254;市代码 "市代码" true true false 254 Text 0 0,First,#,E3_Merge,市代码,0,254;省名 "省名" true true false 254 Text 0 0,First,#,E3_Merge,省名,0,254;省代码 "省代码" true true false 254 Text 0 0,First,#,E3_Merge,省代码,0,254;Shape_Length "Shape_Length" false true true 8 Double 0 0,First,#,E3_Merge,Shape_Length,-1,-1;Shape_Area "Shape_Area" false true true 8 Double 0 0,First,#,E3_Merge,Shape_Area,-1,-1" #</Process><Process ToolSource="d:\program files\arcgis\pro\Resources\ArcToolbox\toolboxes\Conversion Tools.tbx\FeatureClassToFeatureClass" Date="20240428" Time="164546">FeatureClassToFeatureClass 县final C:\Users\admin\Desktop\省市县三级的行政区划数据-Geojson\省市县shp1.0 县.shp # "县名 "县名" true true false 254 Text 0 0,First,#,县final,县名,0,254;县代码 "县代码" true true false 254 Text 0 0,First,#,县final,县代码,0,254;市名 "市名" true true false 254 Text 0 0,First,#,县final,市名,0,254;市代码 "市代码" true true false 254 Text 0 0,First,#,县final,市代码,0,254;省名 "省名" true true false 254 Text 0 0,First,#,县final,省名,0,254;省代码 "省代码" true true false 254 Text 0 0,First,#,县final,省代码,0,254;Shape_Length "Shape_Length" false true true 8 Double 0 0,First,#,县final,Shape_Length,-1,-1;Shape_Area "Shape_Area" false true true 8 Double 0 0,First,#,县final,Shape_Area,-1,-1" #</Process><Process ToolSource="d:\program files\arcgis\pro\Resources\ArcToolbox\toolboxes\Conversion Tools.tbx\FeatureClassToFeatureClass" Date="20240428" Time="172013">FeatureClassToFeatureClass 县 F:\ArcgisWorkSpace\Projects\TIF单波段提取合并\TIF单波段提取合并.gdb R2 # "县名 "县名" true true false 254 Text 0 0,First,#,县,县名,0,254;县代码 "县代码" true true false 254 Text 0 0,First,#,县,县代码,0,254;市名 "市名" true true false 254 Text 0 0,First,#,县,市名,0,254;市代码 "市代码" true true false 254 Text 0 0,First,#,县,市代码,0,254;省名 "省名" true true false 254 Text 0 0,First,#,县,省名,0,254;省代码 "省代码" true true false 254 Text 0 0,First,#,县,省代码,0,254;Shape_Leng "Shape_Leng" true true false 19 Double 0 0,First,#,县,Shape_Leng,-1,-1;Shape_Area "Shape_Area" true true false 19 Double 0 0,First,#,县,Shape_Area,-1,-1" #</Process><Process ToolSource="d:\program files\arcgis\pro\Resources\ArcToolbox\toolboxes\Data Management Tools.tbx\Merge" Date="20240428" Time="172101">Merge R2;R3 F:\ArcgisWorkSpace\Projects\TIF单波段提取合并\TIF单波段提取合并.gdb\R2_Merge "县名 "县名" true true false 254 Text 0 0,First,#,R2,县名,0,254,R3,县名,0,254;县代码 "县代码" true true false 254 Text 0 0,First,#,R2,县代码,0,254,R3,县代码,0,254;市名 "市名" true true false 254 Text 0 0,First,#,R2,市名,0,254,R3,市名,0,254;市代码 "市代码" true true false 254 Text 0 0,First,#,R2,市代码,0,254,R3,市代码,0,254;省名 "省名" true true false 254 Text 0 0,First,#,R2,省名,0,254,R3,省名,0,254;省代码 "省代码" true true false 254 Text 0 0,First,#,R2,省代码,0,254,R3,省代码,0,254;Shape_Leng "Shape_Leng" true true false 8 Double 0 0,First,#,R2,Shape_Leng,-1,-1;Shape_Length "Shape_Length" false true true 8 Double 0 0,First,#,R2,Shape_Length,-1,-1,R3,Shape_Length,-1,-1;Shape_Area "Shape_Area" false true true 8 Double 0 0,First,#,R2,Shape_Area,-1,-1,R3,Shape_Area,-1,-1" NO_SOURCE_INFO</Process><Process ToolSource="d:\program files\arcgis\pro\Resources\ArcToolbox\toolboxes\Conversion Tools.tbx\FeatureClassToFeatureClass" Date="20240428" Time="172232">FeatureClassToFeatureClass R2_Merge C:\Users\admin\Desktop\省市县三级的行政区划数据-Geojson\省市县shp2.0 县.shp # "县名 "县名" true true false 254 Text 0 0,First,#,R2_Merge,县名,0,254;县代码 "县代码" true true false 254 Text 0 0,First,#,R2_Merge,县代码,0,254;市名 "市名" true true false 254 Text 0 0,First,#,R2_Merge,市名,0,254;市代码 "市代码" true true false 254 Text 0 0,First,#,R2_Merge,市代码,0,254;省名 "省名" true true false 254 Text 0 0,First,#,R2_Merge,省名,0,254;省代码 "省代码" true true false 254 Text 0 0,First,#,R2_Merge,省代码,0,254;Shape_Leng "Shape_Leng" true true false 8 Double 0 0,First,#,R2_Merge,Shape_Leng,-1,-1;Shape_Length "Shape_Length" false true true 8 Double 0 0,First,#,R2_Merge,Shape_Length,-1,-1;Shape_Area "Shape_Area" false true true 8 Double 0 0,First,#,R2_Merge,Shape_Area,-1,-1" #</Process><Process ToolSource="d:\program files\arcgis\pro\Resources\ArcToolbox\toolboxes\Data Management Tools.tbx\CopyFeatures" Date="20250822" Time="154745">CopyFeatures county_lyr F:\ResearchData\05-Paper\05_UAV4NC_2025\Code\Data\City\Changsha\County\County.shp # # # #</Process></lineage><itemProps><itemName Sync="TRUE">County</itemName><imsContentType Sync="TRUE">002</imsContentType><itemLocation><linkage Sync="TRUE">file://\\YIAN\F$\ResearchData\05-Paper\05_UAV4NC_2025\Code\Data\City\Changsha\County\County.shp</linkage><protocol Sync="TRUE">Local Area Network</protocol></itemLocation><itemSize Sync="TRUE">0.000</itemSize></itemProps><coordRef><type Sync="TRUE">Geographic</type><geogcsn Sync="TRUE">GCS_WGS_1984</geogcsn><csUnits Sync="TRUE">Angular Unit: Degree (0.017453)</csUnits><peXml Sync="TRUE">&lt;GeographicCoordinateSystem xsi:type='typens:GeographicCoordinateSystem' xmlns:xsi='http://www.w3.org/2001/XMLSchema-instance' xmlns:xs='http://www.w3.org/2001/XMLSchema' xmlns:typens='http://www.esri.com/schemas/ArcGIS/3.1.0'&gt;&lt;WKT&gt;GEOGCS[&amp;quot;GCS_WGS_1984&amp;quot;,DATUM[&amp;quot;D_WGS_1984&amp;quot;,SPHEROID[&amp;quot;WGS_1984&amp;quot;,6378137.0,298.257223563]],PRIMEM[&amp;quot;Greenwich&amp;quot;,0.0],UNIT[&amp;quot;Degree&amp;quot;,0.0174532925199433],AUTHORITY[&amp;quot;EPSG&amp;quot;,4326]]&lt;/WKT&gt;&lt;XOrigin&gt;-400&lt;/XOrigin&gt;&lt;YOrigin&gt;-400&lt;/YOrigin&gt;&lt;XYScale&gt;11258999068426.238&lt;/XYScale&gt;&lt;ZOrigin&gt;-100000&lt;/ZOrigin&gt;&lt;ZScale&gt;10000&lt;/ZScale&gt;&lt;MOrigin&gt;-100000&lt;/MOrigin&gt;&lt;MScale&gt;10000&lt;/MScale&gt;&lt;XYTolerance&gt;8.983152841195215e-09&lt;/XYTolerance&gt;&lt;ZTolerance&gt;0.001&lt;/ZTolerance&gt;&lt;MTolerance&gt;0.001&lt;/MTolerance&gt;&lt;HighPrecision&gt;true&lt;/HighPrecision&gt;&lt;LeftLongitude&gt;-180&lt;/LeftLongitude&gt;&lt;WKID&gt;4326&lt;/WKID&gt;&lt;LatestWKID&gt;4326&lt;/LatestWKID&gt;&lt;/GeographicCoordinateSystem&gt;</peXml></coordRef></DataProperties><SyncDate>20250822</SyncDate><SyncTime>15474500</SyncTime><ModDate>20250822</ModDate><ModTime>15474500</ModTime></Esri><dataIdInfo><envirDesc Sync="TRUE">Microsoft Windows 10 Version 10.0 (Build 26100) ; Esri ArcGIS 13.1.5.41833</envirDesc><dataLang><languageCode value="zho" Sync="TRUE"></languageCode><countryCode value="CHN" Sync="TRUE"></countryCode></dataLang><idCitation><resTitle Sync="TRUE">County</resTitle><presForm><PresFormCd value="005" Sync="TRUE"></PresFormCd></presForm></idCitation><spatRpType><SpatRepTypCd value="001" Sync="TRUE"></SpatRepTypCd></spatRpType></dataIdInfo><mdLang><languageCode value="zho" Sync="TRUE"></languageCode><countryCode value="CHN" Sync="TRUE"></countryCode></mdLang><distInfo><distFormat><formatName Sync="TRUE">Shapefile</formatName></distFormat><distTranOps><transSize Sync="TRUE">0.000</transSize></distTranOps></distInfo><mdHrLv><ScopeCd value="005" Sync="TRUE"></ScopeCd></mdHrLv><mdHrLvName Sync="TRUE">dataset</mdHrLvName><refSysInfo><RefSystem><refSysID><identCode code="4326" Sync="TRUE"></identCode><idCodeSpace Sync="TRUE">EPSG</idCodeSpace><idVersion Sync="TRUE">6.2(3.0.1)</idVersion></refSysID></RefSystem></refSysInfo><spatRepInfo><VectSpatRep><geometObjs Name="County"><geoObjTyp><GeoObjTypCd value="002" Sync="TRUE"></GeoObjTypCd></geoObjTyp><geoObjCnt Sync="TRUE">0</geoObjCnt></geometObjs><topLvl><TopoLevCd value="001" Sync="TRUE"></TopoLevCd></topLvl></VectSpatRep></spatRepInfo><spdoinfo><ptvctinf><esriterm Name="County"><efeatyp Sync="TRUE">Simple</efeatyp><efeageom code="4" Sync="TRUE"></efeageom><esritopo Sync="TRUE">FALSE</esritopo><efeacnt Sync="TRUE">0</efeacnt><spindex Sync="TRUE">FALSE</spindex><linrefer Sync="TRUE">TRUE</linrefer></esriterm></ptvctinf></spdoinfo><eainfo><detailed Name="County"><enttyp><enttypl Sync="TRUE">County</enttypl><enttypt Sync="TRUE">Feature Class</enttypt><enttypc Sync="TRUE">0</enttypc></enttyp><attr><attrlabl Sync="TRUE">FID</attrlabl><attalias Sync="TRUE">FID</attalias><attrtype Sync="TRUE">OID</attrtype><attwidth Sync="TRUE">4</attwidth><atprecis Sync="TRUE">0</atprecis><attscale Sync="TRUE">0</attscale><attrdef Sync="TRUE">Internal feature number.</attrdef><attrdefs Sync="TRUE">Esri</attrdefs><attrdomv><udom Sync="TRUE">Sequential unique whole numbers that are automatically generated.</udom></attrdomv></attr><attr><attrlabl Sync="TRUE">Shape</attrlabl><attalias Sync="TRUE">Shape</attalias><attrtype Sync="TRUE">Geometry</attrtype><attwidth Sync="TRUE">0</attwidth><atprecis Sync="TRUE">0</atprecis><attscale Sync="TRUE">0</attscale><attrdef Sync="TRUE">Feature geometry.</attrdef><attrdefs Sync="TRUE">Esri</attrdefs><attrdomv><udom Sync="TRUE">Coordinates defining the features.</udom></attrdomv></attr><attr><attrlabl Sync="TRUE">县名</attrlabl><attalias Sync="TRUE">县名</attalias><attrtype Sync="TRUE">String</attrtype><attwidth Sync="TRUE">254</attwidth><atprecis Sync="TRUE">0</atprecis><attscale Sync="TRUE">0</attscale></attr><attr><attrlabl Sync="TRUE">县代码</attrlabl><attalias Sync="TRUE">县代码</attalias><attrtype Sync="TRUE">String</attrtype><attwidth Sync="TRUE">254</attwidth><atprecis Sync="TRUE">0</atprecis><attscale Sync="TRUE">0</attscale></attr><attr><attrlabl Sync="TRUE">市名</attrlabl><attalias Sync="TRUE">市名</attalias><attrtype Sync="TRUE">String</attrtype><attwidth Sync="TRUE">254</attwidth><atprecis Sync="TRUE">0</atprecis><attscale Sync="TRUE">0</attscale></attr><attr><attrlabl Sync="TRUE">市代码</attrlabl><attalias Sync="TRUE">市代码</attalias><attrtype Sync="TRUE">String</attrtype><attwidth Sync="TRUE">254</attwidth><atprecis Sync="TRUE">0</atprecis><attscale Sync="TRUE">0</attscale></attr><attr><attrlabl Sync="TRUE">省名</attrlabl><attalias Sync="TRUE">省名</attalias><attrtype Sync="TRUE">String</attrtype><attwidth Sync="TRUE">254</attwidth><atprecis Sync="TRUE">0</atprecis><attscale Sync="TRUE">0</attscale></attr><attr><attrlabl Sync="TRUE">省代码</attrlabl><attalias Sync="TRUE">省代码</attalias><attrtype Sync="TRUE">String</attrtype><attwidth Sync="TRUE">254</attwidth><atprecis Sync="TRUE">0</atprecis><attscale Sync="TRUE">0</attscale></attr></detailed></eainfo><mdDateSt Sync="TRUE">20250822</mdDateSt></metadata>
