<?xml version="1.0" encoding="UTF-8"?>
<metadata xml:lang="zh"><Esri><CreaDate>20250820</CreaDate><CreaTime>22253800</CreaTime><ArcGISFormat>1.0</ArcGISFormat><SyncOnce>TRUE</SyncOnce><DataProperties><lineage><Process ToolSource="d:\program files\arcgis\pro\Resources\ArcToolbox\toolboxes\Data Management Tools.tbx\Rename" Date="20250820" Time="222538">Rename F:\ResearchData\05-Paper\05_UAV4NC_2025\Code\Data\City\Changsha\Building\430100_长沙市.shp F:\ResearchData\05-Paper\05_UAV4NC_2025\Code\Data\City\Changsha\Building\Building.shp ShapeFile</Process></lineage></DataProperties></Esri></metadata>
