<?xml version="1.0" encoding="UTF-8"?>
<metadata xml:lang="zh"><Esri><CreaDate>20250604</CreaDate><CreaTime>15544900</CreaTime><ArcGISFormat>1.0</ArcGISFormat><SyncOnce>FALSE</SyncOnce><DataProperties><lineage><Process ToolSource="d:\arcgis-10.5版本\desktop10.5\ArcToolbox\Toolboxes\Data Management Tools.tbx\CreateFishnet" Date="20250604" Time="155449">CreateFishnet D:\人口数据建模任务\长沙\mesh.shp "111.892223999738 27.8510269998963" "111.892223999738 37.8510269998963" 0.005 0.005 # # "114.254104999746 28.6641019996078" LABELS D:\人口数据建模任务\长沙\city.shp POLYGON</Process><Process ToolSource="d:\arcgis-10.5版本\desktop10.5\ArcToolbox\Toolboxes\Analysis Tools.tbx\SpatialJoin" Date="20250604" Time="155532">SpatialJoin D:\人口数据建模任务\长沙\mesh.shp D:\人口数据建模任务\长沙\city.shp D:\人口数据建模任务\长沙\mesh_cs.shp JOIN_ONE_TO_ONE KEEP_ALL "Id "Id" true true false 6 Long 0 6 ,First,#,D:\人口数据建模任务\长沙\mesh.shp,Id,-1,-1" INTERSECT # #</Process><Process ToolSource="d:\program files\arcgis\pro\Resources\ArcToolbox\toolboxes\Analysis Tools.tbx\SpatialJoin" Date="20250606" Time="133736">SpatialJoin F:/ResearchData/05-Paper/05_UAV4NC_2025/Code/Data/City/Changsha\mesh\mesh_cs.shp F:/ResearchData/05-Paper/05_UAV4NC_2025/Code/Data/City/Changsha\Pop_point\00.shp F:/ResearchData/05-Paper/05_UAV4NC_2025/Code/Data/City/Changsha\mesh\mesh_01.shp 一对一连接 KEEP_ALL "value_00 "Population at 00:00" true false false 10 Long 0 10,Sum,#,F:/ResearchData/05-Paper/05_UAV4NC_2025/Code/Data/City/Changsha\Pop_point\00.shp,value,-1,-1" 包含 # #</Process><Process ToolSource="d:\program files\arcgis\pro\Resources\ArcToolbox\toolboxes\Analysis Tools.tbx\SpatialJoin" Date="20250606" Time="133750">SpatialJoin F:/ResearchData/05-Paper/05_UAV4NC_2025/Code/Data/City/Changsha\mesh\mesh_01.shp F:/ResearchData/05-Paper/05_UAV4NC_2025/Code/Data/City/Changsha\Pop_point\01.shp F:/ResearchData/05-Paper/05_UAV4NC_2025/Code/Data/City/Changsha\mesh\mesh_02.shp 一对一连接 KEEP_ALL "value_00 "value_00" true false false 10 Long 0 10,First,#,F:/ResearchData/05-Paper/05_UAV4NC_2025/Code/Data/City/Changsha\mesh\mesh_01.shp,value_00,-1,-1;value_01 "Population at 01:00" true false false 10 Long 0 10,Sum,#,F:/ResearchData/05-Paper/05_UAV4NC_2025/Code/Data/City/Changsha\Pop_point\01.shp,value,-1,-1" 包含 # #</Process><Process ToolSource="d:\program files\arcgis\pro\Resources\ArcToolbox\toolboxes\Analysis Tools.tbx\SpatialJoin" Date="20250606" Time="133804">SpatialJoin F:/ResearchData/05-Paper/05_UAV4NC_2025/Code/Data/City/Changsha\mesh\mesh_02.shp F:/ResearchData/05-Paper/05_UAV4NC_2025/Code/Data/City/Changsha\Pop_point\02.shp F:/ResearchData/05-Paper/05_UAV4NC_2025/Code/Data/City/Changsha\mesh\mesh_03.shp 一对一连接 KEEP_ALL "value_00 "value_00" true false false 10 Long 0 10,First,#,F:/ResearchData/05-Paper/05_UAV4NC_2025/Code/Data/City/Changsha\mesh\mesh_02.shp,value_00,-1,-1;value_01 "value_01" true false false 10 Long 0 10,First,#,F:/ResearchData/05-Paper/05_UAV4NC_2025/Code/Data/City/Changsha\mesh\mesh_02.shp,value_01,-1,-1;value_02 "Population at 02:00" true false false 10 Long 0 10,Sum,#,F:/ResearchData/05-Paper/05_UAV4NC_2025/Code/Data/City/Changsha\Pop_point\02.shp,value,-1,-1" 包含 # #</Process><Process ToolSource="d:\program files\arcgis\pro\Resources\ArcToolbox\toolboxes\Analysis Tools.tbx\SpatialJoin" Date="20250606" Time="133815">SpatialJoin F:/ResearchData/05-Paper/05_UAV4NC_2025/Code/Data/City/Changsha\mesh\mesh_03.shp F:/ResearchData/05-Paper/05_UAV4NC_2025/Code/Data/City/Changsha\Pop_point\03.shp F:/ResearchData/05-Paper/05_UAV4NC_2025/Code/Data/City/Changsha\mesh\mesh_04.shp 一对一连接 KEEP_ALL "value_00 "value_00" true false false 10 Long 0 10,First,#,F:/ResearchData/05-Paper/05_UAV4NC_2025/Code/Data/City/Changsha\mesh\mesh_03.shp,value_00,-1,-1;value_01 "value_01" true false false 10 Long 0 10,First,#,F:/ResearchData/05-Paper/05_UAV4NC_2025/Code/Data/City/Changsha\mesh\mesh_03.shp,value_01,-1,-1;value_02 "value_02" true false false 10 Long 0 10,First,#,F:/ResearchData/05-Paper/05_UAV4NC_2025/Code/Data/City/Changsha\mesh\mesh_03.shp,value_02,-1,-1;value_03 "Population at 03:00" true false false 10 Long 0 10,Sum,#,F:/ResearchData/05-Paper/05_UAV4NC_2025/Code/Data/City/Changsha\Pop_point\03.shp,value,-1,-1" 包含 # #</Process><Process ToolSource="d:\program files\arcgis\pro\Resources\ArcToolbox\toolboxes\Analysis Tools.tbx\SpatialJoin" Date="20250606" Time="133825">SpatialJoin F:/ResearchData/05-Paper/05_UAV4NC_2025/Code/Data/City/Changsha\mesh\mesh_04.shp F:/ResearchData/05-Paper/05_UAV4NC_2025/Code/Data/City/Changsha\Pop_point\04.shp F:/ResearchData/05-Paper/05_UAV4NC_2025/Code/Data/City/Changsha\mesh\mesh_05.shp 一对一连接 KEEP_ALL "value_00 "value_00" true false false 10 Long 0 10,First,#,F:/ResearchData/05-Paper/05_UAV4NC_2025/Code/Data/City/Changsha\mesh\mesh_04.shp,value_00,-1,-1;value_01 "value_01" true false false 10 Long 0 10,First,#,F:/ResearchData/05-Paper/05_UAV4NC_2025/Code/Data/City/Changsha\mesh\mesh_04.shp,value_01,-1,-1;value_02 "value_02" true false false 10 Long 0 10,First,#,F:/ResearchData/05-Paper/05_UAV4NC_2025/Code/Data/City/Changsha\mesh\mesh_04.shp,value_02,-1,-1;value_03 "value_03" true false false 10 Long 0 10,First,#,F:/ResearchData/05-Paper/05_UAV4NC_2025/Code/Data/City/Changsha\mesh\mesh_04.shp,value_03,-1,-1;value_04 "Population at 04:00" true false false 10 Long 0 10,Sum,#,F:/ResearchData/05-Paper/05_UAV4NC_2025/Code/Data/City/Changsha\Pop_point\04.shp,value,-1,-1" 包含 # #</Process><Process ToolSource="d:\program files\arcgis\pro\Resources\ArcToolbox\toolboxes\Analysis Tools.tbx\SpatialJoin" Date="20250606" Time="133836">SpatialJoin F:/ResearchData/05-Paper/05_UAV4NC_2025/Code/Data/City/Changsha\mesh\mesh_05.shp F:/ResearchData/05-Paper/05_UAV4NC_2025/Code/Data/City/Changsha\Pop_point\05.shp F:/ResearchData/05-Paper/05_UAV4NC_2025/Code/Data/City/Changsha\mesh\mesh_06.shp 一对一连接 KEEP_ALL "value_00 "value_00" true false false 10 Long 0 10,First,#,F:/ResearchData/05-Paper/05_UAV4NC_2025/Code/Data/City/Changsha\mesh\mesh_05.shp,value_00,-1,-1;value_01 "value_01" true false false 10 Long 0 10,First,#,F:/ResearchData/05-Paper/05_UAV4NC_2025/Code/Data/City/Changsha\mesh\mesh_05.shp,value_01,-1,-1;value_02 "value_02" true false false 10 Long 0 10,First,#,F:/ResearchData/05-Paper/05_UAV4NC_2025/Code/Data/City/Changsha\mesh\mesh_05.shp,value_02,-1,-1;value_03 "value_03" true false false 10 Long 0 10,First,#,F:/ResearchData/05-Paper/05_UAV4NC_2025/Code/Data/City/Changsha\mesh\mesh_05.shp,value_03,-1,-1;value_04 "value_04" true false false 10 Long 0 10,First,#,F:/ResearchData/05-Paper/05_UAV4NC_2025/Code/Data/City/Changsha\mesh\mesh_05.shp,value_04,-1,-1;value_05 "Population at 05:00" true false false 10 Long 0 10,Sum,#,F:/ResearchData/05-Paper/05_UAV4NC_2025/Code/Data/City/Changsha\Pop_point\05.shp,value,-1,-1" 包含 # #</Process><Process ToolSource="d:\program files\arcgis\pro\Resources\ArcToolbox\toolboxes\Analysis Tools.tbx\SpatialJoin" Date="20250606" Time="133847">SpatialJoin F:/ResearchData/05-Paper/05_UAV4NC_2025/Code/Data/City/Changsha\mesh\mesh_06.shp F:/ResearchData/05-Paper/05_UAV4NC_2025/Code/Data/City/Changsha\Pop_point\06.shp F:/ResearchData/05-Paper/05_UAV4NC_2025/Code/Data/City/Changsha\mesh\mesh_07.shp 一对一连接 KEEP_ALL "value_00 "value_00" true false false 10 Long 0 10,First,#,F:/ResearchData/05-Paper/05_UAV4NC_2025/Code/Data/City/Changsha\mesh\mesh_06.shp,value_00,-1,-1;value_01 "value_01" true false false 10 Long 0 10,First,#,F:/ResearchData/05-Paper/05_UAV4NC_2025/Code/Data/City/Changsha\mesh\mesh_06.shp,value_01,-1,-1;value_02 "value_02" true false false 10 Long 0 10,First,#,F:/ResearchData/05-Paper/05_UAV4NC_2025/Code/Data/City/Changsha\mesh\mesh_06.shp,value_02,-1,-1;value_03 "value_03" true false false 10 Long 0 10,First,#,F:/ResearchData/05-Paper/05_UAV4NC_2025/Code/Data/City/Changsha\mesh\mesh_06.shp,value_03,-1,-1;value_04 "value_04" true false false 10 Long 0 10,First,#,F:/ResearchData/05-Paper/05_UAV4NC_2025/Code/Data/City/Changsha\mesh\mesh_06.shp,value_04,-1,-1;value_05 "value_05" true false false 10 Long 0 10,First,#,F:/ResearchData/05-Paper/05_UAV4NC_2025/Code/Data/City/Changsha\mesh\mesh_06.shp,value_05,-1,-1;value_06 "Population at 06:00" true false false 10 Long 0 10,Sum,#,F:/ResearchData/05-Paper/05_UAV4NC_2025/Code/Data/City/Changsha\Pop_point\06.shp,value,-1,-1" 包含 # #</Process><Process ToolSource="d:\program files\arcgis\pro\Resources\ArcToolbox\toolboxes\Analysis Tools.tbx\SpatialJoin" Date="20250606" Time="133858">SpatialJoin F:/ResearchData/05-Paper/05_UAV4NC_2025/Code/Data/City/Changsha\mesh\mesh_07.shp F:/ResearchData/05-Paper/05_UAV4NC_2025/Code/Data/City/Changsha\Pop_point\07.shp F:/ResearchData/05-Paper/05_UAV4NC_2025/Code/Data/City/Changsha\mesh\mesh_08.shp 一对一连接 KEEP_ALL "value_00 "value_00" true false false 10 Long 0 10,First,#,F:/ResearchData/05-Paper/05_UAV4NC_2025/Code/Data/City/Changsha\mesh\mesh_07.shp,value_00,-1,-1;value_01 "value_01" true false false 10 Long 0 10,First,#,F:/ResearchData/05-Paper/05_UAV4NC_2025/Code/Data/City/Changsha\mesh\mesh_07.shp,value_01,-1,-1;value_02 "value_02" true false false 10 Long 0 10,First,#,F:/ResearchData/05-Paper/05_UAV4NC_2025/Code/Data/City/Changsha\mesh\mesh_07.shp,value_02,-1,-1;value_03 "value_03" true false false 10 Long 0 10,First,#,F:/ResearchData/05-Paper/05_UAV4NC_2025/Code/Data/City/Changsha\mesh\mesh_07.shp,value_03,-1,-1;value_04 "value_04" true false false 10 Long 0 10,First,#,F:/ResearchData/05-Paper/05_UAV4NC_2025/Code/Data/City/Changsha\mesh\mesh_07.shp,value_04,-1,-1;value_05 "value_05" true false false 10 Long 0 10,First,#,F:/ResearchData/05-Paper/05_UAV4NC_2025/Code/Data/City/Changsha\mesh\mesh_07.shp,value_05,-1,-1;value_06 "value_06" true false false 10 Long 0 10,First,#,F:/ResearchData/05-Paper/05_UAV4NC_2025/Code/Data/City/Changsha\mesh\mesh_07.shp,value_06,-1,-1;value_07 "Population at 07:00" true false false 10 Long 0 10,Sum,#,F:/ResearchData/05-Paper/05_UAV4NC_2025/Code/Data/City/Changsha\Pop_point\07.shp,value,-1,-1" 包含 # #</Process><Process ToolSource="d:\program files\arcgis\pro\Resources\ArcToolbox\toolboxes\Analysis Tools.tbx\SpatialJoin" Date="20250606" Time="133910">SpatialJoin F:/ResearchData/05-Paper/05_UAV4NC_2025/Code/Data/City/Changsha\mesh\mesh_08.shp F:/ResearchData/05-Paper/05_UAV4NC_2025/Code/Data/City/Changsha\Pop_point\08.shp F:/ResearchData/05-Paper/05_UAV4NC_2025/Code/Data/City/Changsha\mesh\mesh_09.shp 一对一连接 KEEP_ALL "value_00 "value_00" true false false 10 Long 0 10,First,#,F:/ResearchData/05-Paper/05_UAV4NC_2025/Code/Data/City/Changsha\mesh\mesh_08.shp,value_00,-1,-1;value_01 "value_01" true false false 10 Long 0 10,First,#,F:/ResearchData/05-Paper/05_UAV4NC_2025/Code/Data/City/Changsha\mesh\mesh_08.shp,value_01,-1,-1;value_02 "value_02" true false false 10 Long 0 10,First,#,F:/ResearchData/05-Paper/05_UAV4NC_2025/Code/Data/City/Changsha\mesh\mesh_08.shp,value_02,-1,-1;value_03 "value_03" true false false 10 Long 0 10,First,#,F:/ResearchData/05-Paper/05_UAV4NC_2025/Code/Data/City/Changsha\mesh\mesh_08.shp,value_03,-1,-1;value_04 "value_04" true false false 10 Long 0 10,First,#,F:/ResearchData/05-Paper/05_UAV4NC_2025/Code/Data/City/Changsha\mesh\mesh_08.shp,value_04,-1,-1;value_05 "value_05" true false false 10 Long 0 10,First,#,F:/ResearchData/05-Paper/05_UAV4NC_2025/Code/Data/City/Changsha\mesh\mesh_08.shp,value_05,-1,-1;value_06 "value_06" true false false 10 Long 0 10,First,#,F:/ResearchData/05-Paper/05_UAV4NC_2025/Code/Data/City/Changsha\mesh\mesh_08.shp,value_06,-1,-1;value_07 "value_07" true false false 10 Long 0 10,First,#,F:/ResearchData/05-Paper/05_UAV4NC_2025/Code/Data/City/Changsha\mesh\mesh_08.shp,value_07,-1,-1;value_08 "Population at 08:00" true false false 10 Long 0 10,Sum,#,F:/ResearchData/05-Paper/05_UAV4NC_2025/Code/Data/City/Changsha\Pop_point\08.shp,value,-1,-1" 包含 # #</Process><Process ToolSource="d:\program files\arcgis\pro\Resources\ArcToolbox\toolboxes\Analysis Tools.tbx\SpatialJoin" Date="20250606" Time="133921">SpatialJoin F:/ResearchData/05-Paper/05_UAV4NC_2025/Code/Data/City/Changsha\mesh\mesh_09.shp F:/ResearchData/05-Paper/05_UAV4NC_2025/Code/Data/City/Changsha\Pop_point\09.shp F:/ResearchData/05-Paper/05_UAV4NC_2025/Code/Data/City/Changsha\mesh\mesh_10.shp 一对一连接 KEEP_ALL "value_00 "value_00" true false false 10 Long 0 10,First,#,F:/ResearchData/05-Paper/05_UAV4NC_2025/Code/Data/City/Changsha\mesh\mesh_09.shp,value_00,-1,-1;value_01 "value_01" true false false 10 Long 0 10,First,#,F:/ResearchData/05-Paper/05_UAV4NC_2025/Code/Data/City/Changsha\mesh\mesh_09.shp,value_01,-1,-1;value_02 "value_02" true false false 10 Long 0 10,First,#,F:/ResearchData/05-Paper/05_UAV4NC_2025/Code/Data/City/Changsha\mesh\mesh_09.shp,value_02,-1,-1;value_03 "value_03" true false false 10 Long 0 10,First,#,F:/ResearchData/05-Paper/05_UAV4NC_2025/Code/Data/City/Changsha\mesh\mesh_09.shp,value_03,-1,-1;value_04 "value_04" true false false 10 Long 0 10,First,#,F:/ResearchData/05-Paper/05_UAV4NC_2025/Code/Data/City/Changsha\mesh\mesh_09.shp,value_04,-1,-1;value_05 "value_05" true false false 10 Long 0 10,First,#,F:/ResearchData/05-Paper/05_UAV4NC_2025/Code/Data/City/Changsha\mesh\mesh_09.shp,value_05,-1,-1;value_06 "value_06" true false false 10 Long 0 10,First,#,F:/ResearchData/05-Paper/05_UAV4NC_2025/Code/Data/City/Changsha\mesh\mesh_09.shp,value_06,-1,-1;value_07 "value_07" true false false 10 Long 0 10,First,#,F:/ResearchData/05-Paper/05_UAV4NC_2025/Code/Data/City/Changsha\mesh\mesh_09.shp,value_07,-1,-1;value_08 "value_08" true false false 10 Long 0 10,First,#,F:/ResearchData/05-Paper/05_UAV4NC_2025/Code/Data/City/Changsha\mesh\mesh_09.shp,value_08,-1,-1;value_09 "Population at 09:00" true false false 10 Long 0 10,Sum,#,F:/ResearchData/05-Paper/05_UAV4NC_2025/Code/Data/City/Changsha\Pop_point\09.shp,value,-1,-1" 包含 # #</Process><Process ToolSource="d:\program files\arcgis\pro\Resources\ArcToolbox\toolboxes\Analysis Tools.tbx\SpatialJoin" Date="20250606" Time="133934">SpatialJoin F:/ResearchData/05-Paper/05_UAV4NC_2025/Code/Data/City/Changsha\mesh\mesh_10.shp F:/ResearchData/05-Paper/05_UAV4NC_2025/Code/Data/City/Changsha\Pop_point\10.shp F:/ResearchData/05-Paper/05_UAV4NC_2025/Code/Data/City/Changsha\mesh\mesh_11.shp 一对一连接 KEEP_ALL "value_00 "value_00" true false false 10 Long 0 10,First,#,F:/ResearchData/05-Paper/05_UAV4NC_2025/Code/Data/City/Changsha\mesh\mesh_10.shp,value_00,-1,-1;value_01 "value_01" true false false 10 Long 0 10,First,#,F:/ResearchData/05-Paper/05_UAV4NC_2025/Code/Data/City/Changsha\mesh\mesh_10.shp,value_01,-1,-1;value_02 "value_02" true false false 10 Long 0 10,First,#,F:/ResearchData/05-Paper/05_UAV4NC_2025/Code/Data/City/Changsha\mesh\mesh_10.shp,value_02,-1,-1;value_03 "value_03" true false false 10 Long 0 10,First,#,F:/ResearchData/05-Paper/05_UAV4NC_2025/Code/Data/City/Changsha\mesh\mesh_10.shp,value_03,-1,-1;value_04 "value_04" true false false 10 Long 0 10,First,#,F:/ResearchData/05-Paper/05_UAV4NC_2025/Code/Data/City/Changsha\mesh\mesh_10.shp,value_04,-1,-1;value_05 "value_05" true false false 10 Long 0 10,First,#,F:/ResearchData/05-Paper/05_UAV4NC_2025/Code/Data/City/Changsha\mesh\mesh_10.shp,value_05,-1,-1;value_06 "value_06" true false false 10 Long 0 10,First,#,F:/ResearchData/05-Paper/05_UAV4NC_2025/Code/Data/City/Changsha\mesh\mesh_10.shp,value_06,-1,-1;value_07 "value_07" true false false 10 Long 0 10,First,#,F:/ResearchData/05-Paper/05_UAV4NC_2025/Code/Data/City/Changsha\mesh\mesh_10.shp,value_07,-1,-1;value_08 "value_08" true false false 10 Long 0 10,First,#,F:/ResearchData/05-Paper/05_UAV4NC_2025/Code/Data/City/Changsha\mesh\mesh_10.shp,value_08,-1,-1;value_09 "value_09" true false false 10 Long 0 10,First,#,F:/ResearchData/05-Paper/05_UAV4NC_2025/Code/Data/City/Changsha\mesh\mesh_10.shp,value_09,-1,-1;value_10 "Population at 10:00" true false false 10 Long 0 10,Sum,#,F:/ResearchData/05-Paper/05_UAV4NC_2025/Code/Data/City/Changsha\Pop_point\10.shp,value,-1,-1" 包含 # #</Process><Process ToolSource="d:\program files\arcgis\pro\Resources\ArcToolbox\toolboxes\Analysis Tools.tbx\SpatialJoin" Date="20250606" Time="133949">SpatialJoin F:/ResearchData/05-Paper/05_UAV4NC_2025/Code/Data/City/Changsha\mesh\mesh_11.shp F:/ResearchData/05-Paper/05_UAV4NC_2025/Code/Data/City/Changsha\Pop_point\11.shp F:/ResearchData/05-Paper/05_UAV4NC_2025/Code/Data/City/Changsha\mesh\mesh_12.shp 一对一连接 KEEP_ALL "value_00 "value_00" true false false 10 Long 0 10,First,#,F:/ResearchData/05-Paper/05_UAV4NC_2025/Code/Data/City/Changsha\mesh\mesh_11.shp,value_00,-1,-1;value_01 "value_01" true false false 10 Long 0 10,First,#,F:/ResearchData/05-Paper/05_UAV4NC_2025/Code/Data/City/Changsha\mesh\mesh_11.shp,value_01,-1,-1;value_02 "value_02" true false false 10 Long 0 10,First,#,F:/ResearchData/05-Paper/05_UAV4NC_2025/Code/Data/City/Changsha\mesh\mesh_11.shp,value_02,-1,-1;value_03 "value_03" true false false 10 Long 0 10,First,#,F:/ResearchData/05-Paper/05_UAV4NC_2025/Code/Data/City/Changsha\mesh\mesh_11.shp,value_03,-1,-1;value_04 "value_04" true false false 10 Long 0 10,First,#,F:/ResearchData/05-Paper/05_UAV4NC_2025/Code/Data/City/Changsha\mesh\mesh_11.shp,value_04,-1,-1;value_05 "value_05" true false false 10 Long 0 10,First,#,F:/ResearchData/05-Paper/05_UAV4NC_2025/Code/Data/City/Changsha\mesh\mesh_11.shp,value_05,-1,-1;value_06 "value_06" true false false 10 Long 0 10,First,#,F:/ResearchData/05-Paper/05_UAV4NC_2025/Code/Data/City/Changsha\mesh\mesh_11.shp,value_06,-1,-1;value_07 "value_07" true false false 10 Long 0 10,First,#,F:/ResearchData/05-Paper/05_UAV4NC_2025/Code/Data/City/Changsha\mesh\mesh_11.shp,value_07,-1,-1;value_08 "value_08" true false false 10 Long 0 10,First,#,F:/ResearchData/05-Paper/05_UAV4NC_2025/Code/Data/City/Changsha\mesh\mesh_11.shp,value_08,-1,-1;value_09 "value_09" true false false 10 Long 0 10,First,#,F:/ResearchData/05-Paper/05_UAV4NC_2025/Code/Data/City/Changsha\mesh\mesh_11.shp,value_09,-1,-1;value_10 "value_10" true false false 10 Long 0 10,First,#,F:/ResearchData/05-Paper/05_UAV4NC_2025/Code/Data/City/Changsha\mesh\mesh_11.shp,value_10,-1,-1;value_11 "Population at 11:00" true false false 10 Long 0 10,Sum,#,F:/ResearchData/05-Paper/05_UAV4NC_2025/Code/Data/City/Changsha\Pop_point\11.shp,value,-1,-1" 包含 # #</Process><Process ToolSource="d:\program files\arcgis\pro\Resources\ArcToolbox\toolboxes\Analysis Tools.tbx\SpatialJoin" Date="20250606" Time="134000">SpatialJoin F:/ResearchData/05-Paper/05_UAV4NC_2025/Code/Data/City/Changsha\mesh\mesh_12.shp F:/ResearchData/05-Paper/05_UAV4NC_2025/Code/Data/City/Changsha\Pop_point\12.shp F:/ResearchData/05-Paper/05_UAV4NC_2025/Code/Data/City/Changsha\mesh\mesh_13.shp 一对一连接 KEEP_ALL "value_00 "value_00" true false false 10 Long 0 10,First,#,F:/ResearchData/05-Paper/05_UAV4NC_2025/Code/Data/City/Changsha\mesh\mesh_12.shp,value_00,-1,-1;value_01 "value_01" true false false 10 Long 0 10,First,#,F:/ResearchData/05-Paper/05_UAV4NC_2025/Code/Data/City/Changsha\mesh\mesh_12.shp,value_01,-1,-1;value_02 "value_02" true false false 10 Long 0 10,First,#,F:/ResearchData/05-Paper/05_UAV4NC_2025/Code/Data/City/Changsha\mesh\mesh_12.shp,value_02,-1,-1;value_03 "value_03" true false false 10 Long 0 10,First,#,F:/ResearchData/05-Paper/05_UAV4NC_2025/Code/Data/City/Changsha\mesh\mesh_12.shp,value_03,-1,-1;value_04 "value_04" true false false 10 Long 0 10,First,#,F:/ResearchData/05-Paper/05_UAV4NC_2025/Code/Data/City/Changsha\mesh\mesh_12.shp,value_04,-1,-1;value_05 "value_05" true false false 10 Long 0 10,First,#,F:/ResearchData/05-Paper/05_UAV4NC_2025/Code/Data/City/Changsha\mesh\mesh_12.shp,value_05,-1,-1;value_06 "value_06" true false false 10 Long 0 10,First,#,F:/ResearchData/05-Paper/05_UAV4NC_2025/Code/Data/City/Changsha\mesh\mesh_12.shp,value_06,-1,-1;value_07 "value_07" true false false 10 Long 0 10,First,#,F:/ResearchData/05-Paper/05_UAV4NC_2025/Code/Data/City/Changsha\mesh\mesh_12.shp,value_07,-1,-1;value_08 "value_08" true false false 10 Long 0 10,First,#,F:/ResearchData/05-Paper/05_UAV4NC_2025/Code/Data/City/Changsha\mesh\mesh_12.shp,value_08,-1,-1;value_09 "value_09" true false false 10 Long 0 10,First,#,F:/ResearchData/05-Paper/05_UAV4NC_2025/Code/Data/City/Changsha\mesh\mesh_12.shp,value_09,-1,-1;value_10 "value_10" true false false 10 Long 0 10,First,#,F:/ResearchData/05-Paper/05_UAV4NC_2025/Code/Data/City/Changsha\mesh\mesh_12.shp,value_10,-1,-1;value_11 "value_11" true false false 10 Long 0 10,First,#,F:/ResearchData/05-Paper/05_UAV4NC_2025/Code/Data/City/Changsha\mesh\mesh_12.shp,value_11,-1,-1;value_12 "Population at 12:00" true false false 10 Long 0 10,Sum,#,F:/ResearchData/05-Paper/05_UAV4NC_2025/Code/Data/City/Changsha\Pop_point\12.shp,value,-1,-1" 包含 # #</Process><Process ToolSource="d:\program files\arcgis\pro\Resources\ArcToolbox\toolboxes\Analysis Tools.tbx\SpatialJoin" Date="20250606" Time="134012">SpatialJoin F:/ResearchData/05-Paper/05_UAV4NC_2025/Code/Data/City/Changsha\mesh\mesh_13.shp F:/ResearchData/05-Paper/05_UAV4NC_2025/Code/Data/City/Changsha\Pop_point\13.shp F:/ResearchData/05-Paper/05_UAV4NC_2025/Code/Data/City/Changsha\mesh\mesh_14.shp 一对一连接 KEEP_ALL "value_00 "value_00" true false false 10 Long 0 10,First,#,F:/ResearchData/05-Paper/05_UAV4NC_2025/Code/Data/City/Changsha\mesh\mesh_13.shp,value_00,-1,-1;value_01 "value_01" true false false 10 Long 0 10,First,#,F:/ResearchData/05-Paper/05_UAV4NC_2025/Code/Data/City/Changsha\mesh\mesh_13.shp,value_01,-1,-1;value_02 "value_02" true false false 10 Long 0 10,First,#,F:/ResearchData/05-Paper/05_UAV4NC_2025/Code/Data/City/Changsha\mesh\mesh_13.shp,value_02,-1,-1;value_03 "value_03" true false false 10 Long 0 10,First,#,F:/ResearchData/05-Paper/05_UAV4NC_2025/Code/Data/City/Changsha\mesh\mesh_13.shp,value_03,-1,-1;value_04 "value_04" true false false 10 Long 0 10,First,#,F:/ResearchData/05-Paper/05_UAV4NC_2025/Code/Data/City/Changsha\mesh\mesh_13.shp,value_04,-1,-1;value_05 "value_05" true false false 10 Long 0 10,First,#,F:/ResearchData/05-Paper/05_UAV4NC_2025/Code/Data/City/Changsha\mesh\mesh_13.shp,value_05,-1,-1;value_06 "value_06" true false false 10 Long 0 10,First,#,F:/ResearchData/05-Paper/05_UAV4NC_2025/Code/Data/City/Changsha\mesh\mesh_13.shp,value_06,-1,-1;value_07 "value_07" true false false 10 Long 0 10,First,#,F:/ResearchData/05-Paper/05_UAV4NC_2025/Code/Data/City/Changsha\mesh\mesh_13.shp,value_07,-1,-1;value_08 "value_08" true false false 10 Long 0 10,First,#,F:/ResearchData/05-Paper/05_UAV4NC_2025/Code/Data/City/Changsha\mesh\mesh_13.shp,value_08,-1,-1;value_09 "value_09" true false false 10 Long 0 10,First,#,F:/ResearchData/05-Paper/05_UAV4NC_2025/Code/Data/City/Changsha\mesh\mesh_13.shp,value_09,-1,-1;value_10 "value_10" true false false 10 Long 0 10,First,#,F:/ResearchData/05-Paper/05_UAV4NC_2025/Code/Data/City/Changsha\mesh\mesh_13.shp,value_10,-1,-1;value_11 "value_11" true false false 10 Long 0 10,First,#,F:/ResearchData/05-Paper/05_UAV4NC_2025/Code/Data/City/Changsha\mesh\mesh_13.shp,value_11,-1,-1;value_12 "value_12" true false false 10 Long 0 10,First,#,F:/ResearchData/05-Paper/05_UAV4NC_2025/Code/Data/City/Changsha\mesh\mesh_13.shp,value_12,-1,-1;value_13 "Population at 13:00" true false false 10 Long 0 10,Sum,#,F:/ResearchData/05-Paper/05_UAV4NC_2025/Code/Data/City/Changsha\Pop_point\13.shp,value,-1,-1" 包含 # #</Process><Process ToolSource="d:\program files\arcgis\pro\Resources\ArcToolbox\toolboxes\Analysis Tools.tbx\SpatialJoin" Date="20250606" Time="134025">SpatialJoin F:/ResearchData/05-Paper/05_UAV4NC_2025/Code/Data/City/Changsha\mesh\mesh_14.shp F:/ResearchData/05-Paper/05_UAV4NC_2025/Code/Data/City/Changsha\Pop_point\14.shp F:/ResearchData/05-Paper/05_UAV4NC_2025/Code/Data/City/Changsha\mesh\mesh_15.shp 一对一连接 KEEP_ALL "value_00 "value_00" true false false 10 Long 0 10,First,#,F:/ResearchData/05-Paper/05_UAV4NC_2025/Code/Data/City/Changsha\mesh\mesh_14.shp,value_00,-1,-1;value_01 "value_01" true false false 10 Long 0 10,First,#,F:/ResearchData/05-Paper/05_UAV4NC_2025/Code/Data/City/Changsha\mesh\mesh_14.shp,value_01,-1,-1;value_02 "value_02" true false false 10 Long 0 10,First,#,F:/ResearchData/05-Paper/05_UAV4NC_2025/Code/Data/City/Changsha\mesh\mesh_14.shp,value_02,-1,-1;value_03 "value_03" true false false 10 Long 0 10,First,#,F:/ResearchData/05-Paper/05_UAV4NC_2025/Code/Data/City/Changsha\mesh\mesh_14.shp,value_03,-1,-1;value_04 "value_04" true false false 10 Long 0 10,First,#,F:/ResearchData/05-Paper/05_UAV4NC_2025/Code/Data/City/Changsha\mesh\mesh_14.shp,value_04,-1,-1;value_05 "value_05" true false false 10 Long 0 10,First,#,F:/ResearchData/05-Paper/05_UAV4NC_2025/Code/Data/City/Changsha\mesh\mesh_14.shp,value_05,-1,-1;value_06 "value_06" true false false 10 Long 0 10,First,#,F:/ResearchData/05-Paper/05_UAV4NC_2025/Code/Data/City/Changsha\mesh\mesh_14.shp,value_06,-1,-1;value_07 "value_07" true false false 10 Long 0 10,First,#,F:/ResearchData/05-Paper/05_UAV4NC_2025/Code/Data/City/Changsha\mesh\mesh_14.shp,value_07,-1,-1;value_08 "value_08" true false false 10 Long 0 10,First,#,F:/ResearchData/05-Paper/05_UAV4NC_2025/Code/Data/City/Changsha\mesh\mesh_14.shp,value_08,-1,-1;value_09 "value_09" true false false 10 Long 0 10,First,#,F:/ResearchData/05-Paper/05_UAV4NC_2025/Code/Data/City/Changsha\mesh\mesh_14.shp,value_09,-1,-1;value_10 "value_10" true false false 10 Long 0 10,First,#,F:/ResearchData/05-Paper/05_UAV4NC_2025/Code/Data/City/Changsha\mesh\mesh_14.shp,value_10,-1,-1;value_11 "value_11" true false false 10 Long 0 10,First,#,F:/ResearchData/05-Paper/05_UAV4NC_2025/Code/Data/City/Changsha\mesh\mesh_14.shp,value_11,-1,-1;value_12 "value_12" true false false 10 Long 0 10,First,#,F:/ResearchData/05-Paper/05_UAV4NC_2025/Code/Data/City/Changsha\mesh\mesh_14.shp,value_12,-1,-1;value_13 "value_13" true false false 10 Long 0 10,First,#,F:/ResearchData/05-Paper/05_UAV4NC_2025/Code/Data/City/Changsha\mesh\mesh_14.shp,value_13,-1,-1;value_14 "Population at 14:00" true false false 10 Long 0 10,Sum,#,F:/ResearchData/05-Paper/05_UAV4NC_2025/Code/Data/City/Changsha\Pop_point\14.shp,value,-1,-1" 包含 # #</Process><Process ToolSource="d:\program files\arcgis\pro\Resources\ArcToolbox\toolboxes\Analysis Tools.tbx\SpatialJoin" Date="20250606" Time="134036">SpatialJoin F:/ResearchData/05-Paper/05_UAV4NC_2025/Code/Data/City/Changsha\mesh\mesh_15.shp F:/ResearchData/05-Paper/05_UAV4NC_2025/Code/Data/City/Changsha\Pop_point\15.shp F:/ResearchData/05-Paper/05_UAV4NC_2025/Code/Data/City/Changsha\mesh\mesh_16.shp 一对一连接 KEEP_ALL "value_00 "value_00" true false false 10 Long 0 10,First,#,F:/ResearchData/05-Paper/05_UAV4NC_2025/Code/Data/City/Changsha\mesh\mesh_15.shp,value_00,-1,-1;value_01 "value_01" true false false 10 Long 0 10,First,#,F:/ResearchData/05-Paper/05_UAV4NC_2025/Code/Data/City/Changsha\mesh\mesh_15.shp,value_01,-1,-1;value_02 "value_02" true false false 10 Long 0 10,First,#,F:/ResearchData/05-Paper/05_UAV4NC_2025/Code/Data/City/Changsha\mesh\mesh_15.shp,value_02,-1,-1;value_03 "value_03" true false false 10 Long 0 10,First,#,F:/ResearchData/05-Paper/05_UAV4NC_2025/Code/Data/City/Changsha\mesh\mesh_15.shp,value_03,-1,-1;value_04 "value_04" true false false 10 Long 0 10,First,#,F:/ResearchData/05-Paper/05_UAV4NC_2025/Code/Data/City/Changsha\mesh\mesh_15.shp,value_04,-1,-1;value_05 "value_05" true false false 10 Long 0 10,First,#,F:/ResearchData/05-Paper/05_UAV4NC_2025/Code/Data/City/Changsha\mesh\mesh_15.shp,value_05,-1,-1;value_06 "value_06" true false false 10 Long 0 10,First,#,F:/ResearchData/05-Paper/05_UAV4NC_2025/Code/Data/City/Changsha\mesh\mesh_15.shp,value_06,-1,-1;value_07 "value_07" true false false 10 Long 0 10,First,#,F:/ResearchData/05-Paper/05_UAV4NC_2025/Code/Data/City/Changsha\mesh\mesh_15.shp,value_07,-1,-1;value_08 "value_08" true false false 10 Long 0 10,First,#,F:/ResearchData/05-Paper/05_UAV4NC_2025/Code/Data/City/Changsha\mesh\mesh_15.shp,value_08,-1,-1;value_09 "value_09" true false false 10 Long 0 10,First,#,F:/ResearchData/05-Paper/05_UAV4NC_2025/Code/Data/City/Changsha\mesh\mesh_15.shp,value_09,-1,-1;value_10 "value_10" true false false 10 Long 0 10,First,#,F:/ResearchData/05-Paper/05_UAV4NC_2025/Code/Data/City/Changsha\mesh\mesh_15.shp,value_10,-1,-1;value_11 "value_11" true false false 10 Long 0 10,First,#,F:/ResearchData/05-Paper/05_UAV4NC_2025/Code/Data/City/Changsha\mesh\mesh_15.shp,value_11,-1,-1;value_12 "value_12" true false false 10 Long 0 10,First,#,F:/ResearchData/05-Paper/05_UAV4NC_2025/Code/Data/City/Changsha\mesh\mesh_15.shp,value_12,-1,-1;value_13 "value_13" true false false 10 Long 0 10,First,#,F:/ResearchData/05-Paper/05_UAV4NC_2025/Code/Data/City/Changsha\mesh\mesh_15.shp,value_13,-1,-1;value_14 "value_14" true false false 10 Long 0 10,First,#,F:/ResearchData/05-Paper/05_UAV4NC_2025/Code/Data/City/Changsha\mesh\mesh_15.shp,value_14,-1,-1;value_15 "Population at 15:00" true false false 10 Long 0 10,Sum,#,F:/ResearchData/05-Paper/05_UAV4NC_2025/Code/Data/City/Changsha\Pop_point\15.shp,value,-1,-1" 包含 # #</Process><Process ToolSource="d:\program files\arcgis\pro\Resources\ArcToolbox\toolboxes\Analysis Tools.tbx\SpatialJoin" Date="20250606" Time="134048">SpatialJoin F:/ResearchData/05-Paper/05_UAV4NC_2025/Code/Data/City/Changsha\mesh\mesh_16.shp F:/ResearchData/05-Paper/05_UAV4NC_2025/Code/Data/City/Changsha\Pop_point\16.shp F:/ResearchData/05-Paper/05_UAV4NC_2025/Code/Data/City/Changsha\mesh\mesh_17.shp 一对一连接 KEEP_ALL "value_00 "value_00" true false false 10 Long 0 10,First,#,F:/ResearchData/05-Paper/05_UAV4NC_2025/Code/Data/City/Changsha\mesh\mesh_16.shp,value_00,-1,-1;value_01 "value_01" true false false 10 Long 0 10,First,#,F:/ResearchData/05-Paper/05_UAV4NC_2025/Code/Data/City/Changsha\mesh\mesh_16.shp,value_01,-1,-1;value_02 "value_02" true false false 10 Long 0 10,First,#,F:/ResearchData/05-Paper/05_UAV4NC_2025/Code/Data/City/Changsha\mesh\mesh_16.shp,value_02,-1,-1;value_03 "value_03" true false false 10 Long 0 10,First,#,F:/ResearchData/05-Paper/05_UAV4NC_2025/Code/Data/City/Changsha\mesh\mesh_16.shp,value_03,-1,-1;value_04 "value_04" true false false 10 Long 0 10,First,#,F:/ResearchData/05-Paper/05_UAV4NC_2025/Code/Data/City/Changsha\mesh\mesh_16.shp,value_04,-1,-1;value_05 "value_05" true false false 10 Long 0 10,First,#,F:/ResearchData/05-Paper/05_UAV4NC_2025/Code/Data/City/Changsha\mesh\mesh_16.shp,value_05,-1,-1;value_06 "value_06" true false false 10 Long 0 10,First,#,F:/ResearchData/05-Paper/05_UAV4NC_2025/Code/Data/City/Changsha\mesh\mesh_16.shp,value_06,-1,-1;value_07 "value_07" true false false 10 Long 0 10,First,#,F:/ResearchData/05-Paper/05_UAV4NC_2025/Code/Data/City/Changsha\mesh\mesh_16.shp,value_07,-1,-1;value_08 "value_08" true false false 10 Long 0 10,First,#,F:/ResearchData/05-Paper/05_UAV4NC_2025/Code/Data/City/Changsha\mesh\mesh_16.shp,value_08,-1,-1;value_09 "value_09" true false false 10 Long 0 10,First,#,F:/ResearchData/05-Paper/05_UAV4NC_2025/Code/Data/City/Changsha\mesh\mesh_16.shp,value_09,-1,-1;value_10 "value_10" true false false 10 Long 0 10,First,#,F:/ResearchData/05-Paper/05_UAV4NC_2025/Code/Data/City/Changsha\mesh\mesh_16.shp,value_10,-1,-1;value_11 "value_11" true false false 10 Long 0 10,First,#,F:/ResearchData/05-Paper/05_UAV4NC_2025/Code/Data/City/Changsha\mesh\mesh_16.shp,value_11,-1,-1;value_12 "value_12" true false false 10 Long 0 10,First,#,F:/ResearchData/05-Paper/05_UAV4NC_2025/Code/Data/City/Changsha\mesh\mesh_16.shp,value_12,-1,-1;value_13 "value_13" true false false 10 Long 0 10,First,#,F:/ResearchData/05-Paper/05_UAV4NC_2025/Code/Data/City/Changsha\mesh\mesh_16.shp,value_13,-1,-1;value_14 "value_14" true false false 10 Long 0 10,First,#,F:/ResearchData/05-Paper/05_UAV4NC_2025/Code/Data/City/Changsha\mesh\mesh_16.shp,value_14,-1,-1;value_15 "value_15" true false false 10 Long 0 10,First,#,F:/ResearchData/05-Paper/05_UAV4NC_2025/Code/Data/City/Changsha\mesh\mesh_16.shp,value_15,-1,-1;value_16 "Population at 16:00" true false false 10 Long 0 10,Sum,#,F:/ResearchData/05-Paper/05_UAV4NC_2025/Code/Data/City/Changsha\Pop_point\16.shp,value,-1,-1" 包含 # #</Process><Process ToolSource="d:\program files\arcgis\pro\Resources\ArcToolbox\toolboxes\Analysis Tools.tbx\SpatialJoin" Date="20250606" Time="134104">SpatialJoin F:/ResearchData/05-Paper/05_UAV4NC_2025/Code/Data/City/Changsha\mesh\mesh_17.shp F:/ResearchData/05-Paper/05_UAV4NC_2025/Code/Data/City/Changsha\Pop_point\17.shp F:/ResearchData/05-Paper/05_UAV4NC_2025/Code/Data/City/Changsha\mesh\mesh_18.shp 一对一连接 KEEP_ALL "value_00 "value_00" true false false 10 Long 0 10,First,#,F:/ResearchData/05-Paper/05_UAV4NC_2025/Code/Data/City/Changsha\mesh\mesh_17.shp,value_00,-1,-1;value_01 "value_01" true false false 10 Long 0 10,First,#,F:/ResearchData/05-Paper/05_UAV4NC_2025/Code/Data/City/Changsha\mesh\mesh_17.shp,value_01,-1,-1;value_02 "value_02" true false false 10 Long 0 10,First,#,F:/ResearchData/05-Paper/05_UAV4NC_2025/Code/Data/City/Changsha\mesh\mesh_17.shp,value_02,-1,-1;value_03 "value_03" true false false 10 Long 0 10,First,#,F:/ResearchData/05-Paper/05_UAV4NC_2025/Code/Data/City/Changsha\mesh\mesh_17.shp,value_03,-1,-1;value_04 "value_04" true false false 10 Long 0 10,First,#,F:/ResearchData/05-Paper/05_UAV4NC_2025/Code/Data/City/Changsha\mesh\mesh_17.shp,value_04,-1,-1;value_05 "value_05" true false false 10 Long 0 10,First,#,F:/ResearchData/05-Paper/05_UAV4NC_2025/Code/Data/City/Changsha\mesh\mesh_17.shp,value_05,-1,-1;value_06 "value_06" true false false 10 Long 0 10,First,#,F:/ResearchData/05-Paper/05_UAV4NC_2025/Code/Data/City/Changsha\mesh\mesh_17.shp,value_06,-1,-1;value_07 "value_07" true false false 10 Long 0 10,First,#,F:/ResearchData/05-Paper/05_UAV4NC_2025/Code/Data/City/Changsha\mesh\mesh_17.shp,value_07,-1,-1;value_08 "value_08" true false false 10 Long 0 10,First,#,F:/ResearchData/05-Paper/05_UAV4NC_2025/Code/Data/City/Changsha\mesh\mesh_17.shp,value_08,-1,-1;value_09 "value_09" true false false 10 Long 0 10,First,#,F:/ResearchData/05-Paper/05_UAV4NC_2025/Code/Data/City/Changsha\mesh\mesh_17.shp,value_09,-1,-1;value_10 "value_10" true false false 10 Long 0 10,First,#,F:/ResearchData/05-Paper/05_UAV4NC_2025/Code/Data/City/Changsha\mesh\mesh_17.shp,value_10,-1,-1;value_11 "value_11" true false false 10 Long 0 10,First,#,F:/ResearchData/05-Paper/05_UAV4NC_2025/Code/Data/City/Changsha\mesh\mesh_17.shp,value_11,-1,-1;value_12 "value_12" true false false 10 Long 0 10,First,#,F:/ResearchData/05-Paper/05_UAV4NC_2025/Code/Data/City/Changsha\mesh\mesh_17.shp,value_12,-1,-1;value_13 "value_13" true false false 10 Long 0 10,First,#,F:/ResearchData/05-Paper/05_UAV4NC_2025/Code/Data/City/Changsha\mesh\mesh_17.shp,value_13,-1,-1;value_14 "value_14" true false false 10 Long 0 10,First,#,F:/ResearchData/05-Paper/05_UAV4NC_2025/Code/Data/City/Changsha\mesh\mesh_17.shp,value_14,-1,-1;value_15 "value_15" true false false 10 Long 0 10,First,#,F:/ResearchData/05-Paper/05_UAV4NC_2025/Code/Data/City/Changsha\mesh\mesh_17.shp,value_15,-1,-1;value_16 "value_16" true false false 10 Long 0 10,First,#,F:/ResearchData/05-Paper/05_UAV4NC_2025/Code/Data/City/Changsha\mesh\mesh_17.shp,value_16,-1,-1;value_17 "Population at 17:00" true false false 10 Long 0 10,Sum,#,F:/ResearchData/05-Paper/05_UAV4NC_2025/Code/Data/City/Changsha\Pop_point\17.shp,value,-1,-1" 包含 # #</Process><Process ToolSource="d:\program files\arcgis\pro\Resources\ArcToolbox\toolboxes\Analysis Tools.tbx\SpatialJoin" Date="20250606" Time="134118">SpatialJoin F:/ResearchData/05-Paper/05_UAV4NC_2025/Code/Data/City/Changsha\mesh\mesh_18.shp F:/ResearchData/05-Paper/05_UAV4NC_2025/Code/Data/City/Changsha\Pop_point\18.shp F:/ResearchData/05-Paper/05_UAV4NC_2025/Code/Data/City/Changsha\mesh\mesh_19.shp 一对一连接 KEEP_ALL "value_00 "value_00" true false false 10 Long 0 10,First,#,F:/ResearchData/05-Paper/05_UAV4NC_2025/Code/Data/City/Changsha\mesh\mesh_18.shp,value_00,-1,-1;value_01 "value_01" true false false 10 Long 0 10,First,#,F:/ResearchData/05-Paper/05_UAV4NC_2025/Code/Data/City/Changsha\mesh\mesh_18.shp,value_01,-1,-1;value_02 "value_02" true false false 10 Long 0 10,First,#,F:/ResearchData/05-Paper/05_UAV4NC_2025/Code/Data/City/Changsha\mesh\mesh_18.shp,value_02,-1,-1;value_03 "value_03" true false false 10 Long 0 10,First,#,F:/ResearchData/05-Paper/05_UAV4NC_2025/Code/Data/City/Changsha\mesh\mesh_18.shp,value_03,-1,-1;value_04 "value_04" true false false 10 Long 0 10,First,#,F:/ResearchData/05-Paper/05_UAV4NC_2025/Code/Data/City/Changsha\mesh\mesh_18.shp,value_04,-1,-1;value_05 "value_05" true false false 10 Long 0 10,First,#,F:/ResearchData/05-Paper/05_UAV4NC_2025/Code/Data/City/Changsha\mesh\mesh_18.shp,value_05,-1,-1;value_06 "value_06" true false false 10 Long 0 10,First,#,F:/ResearchData/05-Paper/05_UAV4NC_2025/Code/Data/City/Changsha\mesh\mesh_18.shp,value_06,-1,-1;value_07 "value_07" true false false 10 Long 0 10,First,#,F:/ResearchData/05-Paper/05_UAV4NC_2025/Code/Data/City/Changsha\mesh\mesh_18.shp,value_07,-1,-1;value_08 "value_08" true false false 10 Long 0 10,First,#,F:/ResearchData/05-Paper/05_UAV4NC_2025/Code/Data/City/Changsha\mesh\mesh_18.shp,value_08,-1,-1;value_09 "value_09" true false false 10 Long 0 10,First,#,F:/ResearchData/05-Paper/05_UAV4NC_2025/Code/Data/City/Changsha\mesh\mesh_18.shp,value_09,-1,-1;value_10 "value_10" true false false 10 Long 0 10,First,#,F:/ResearchData/05-Paper/05_UAV4NC_2025/Code/Data/City/Changsha\mesh\mesh_18.shp,value_10,-1,-1;value_11 "value_11" true false false 10 Long 0 10,First,#,F:/ResearchData/05-Paper/05_UAV4NC_2025/Code/Data/City/Changsha\mesh\mesh_18.shp,value_11,-1,-1;value_12 "value_12" true false false 10 Long 0 10,First,#,F:/ResearchData/05-Paper/05_UAV4NC_2025/Code/Data/City/Changsha\mesh\mesh_18.shp,value_12,-1,-1;value_13 "value_13" true false false 10 Long 0 10,First,#,F:/ResearchData/05-Paper/05_UAV4NC_2025/Code/Data/City/Changsha\mesh\mesh_18.shp,value_13,-1,-1;value_14 "value_14" true false false 10 Long 0 10,First,#,F:/ResearchData/05-Paper/05_UAV4NC_2025/Code/Data/City/Changsha\mesh\mesh_18.shp,value_14,-1,-1;value_15 "value_15" true false false 10 Long 0 10,First,#,F:/ResearchData/05-Paper/05_UAV4NC_2025/Code/Data/City/Changsha\mesh\mesh_18.shp,value_15,-1,-1;value_16 "value_16" true false false 10 Long 0 10,First,#,F:/ResearchData/05-Paper/05_UAV4NC_2025/Code/Data/City/Changsha\mesh\mesh_18.shp,value_16,-1,-1;value_17 "value_17" true false false 10 Long 0 10,First,#,F:/ResearchData/05-Paper/05_UAV4NC_2025/Code/Data/City/Changsha\mesh\mesh_18.shp,value_17,-1,-1;value_18 "Population at 18:00" true false false 10 Long 0 10,Sum,#,F:/ResearchData/05-Paper/05_UAV4NC_2025/Code/Data/City/Changsha\Pop_point\18.shp,value,-1,-1" 包含 # #</Process><Process ToolSource="d:\program files\arcgis\pro\Resources\ArcToolbox\toolboxes\Analysis Tools.tbx\SpatialJoin" Date="20250606" Time="134132">SpatialJoin F:/ResearchData/05-Paper/05_UAV4NC_2025/Code/Data/City/Changsha\mesh\mesh_19.shp F:/ResearchData/05-Paper/05_UAV4NC_2025/Code/Data/City/Changsha\Pop_point\19.shp F:/ResearchData/05-Paper/05_UAV4NC_2025/Code/Data/City/Changsha\mesh\mesh_20.shp 一对一连接 KEEP_ALL "value_00 "value_00" true false false 10 Long 0 10,First,#,F:/ResearchData/05-Paper/05_UAV4NC_2025/Code/Data/City/Changsha\mesh\mesh_19.shp,value_00,-1,-1;value_01 "value_01" true false false 10 Long 0 10,First,#,F:/ResearchData/05-Paper/05_UAV4NC_2025/Code/Data/City/Changsha\mesh\mesh_19.shp,value_01,-1,-1;value_02 "value_02" true false false 10 Long 0 10,First,#,F:/ResearchData/05-Paper/05_UAV4NC_2025/Code/Data/City/Changsha\mesh\mesh_19.shp,value_02,-1,-1;value_03 "value_03" true false false 10 Long 0 10,First,#,F:/ResearchData/05-Paper/05_UAV4NC_2025/Code/Data/City/Changsha\mesh\mesh_19.shp,value_03,-1,-1;value_04 "value_04" true false false 10 Long 0 10,First,#,F:/ResearchData/05-Paper/05_UAV4NC_2025/Code/Data/City/Changsha\mesh\mesh_19.shp,value_04,-1,-1;value_05 "value_05" true false false 10 Long 0 10,First,#,F:/ResearchData/05-Paper/05_UAV4NC_2025/Code/Data/City/Changsha\mesh\mesh_19.shp,value_05,-1,-1;value_06 "value_06" true false false 10 Long 0 10,First,#,F:/ResearchData/05-Paper/05_UAV4NC_2025/Code/Data/City/Changsha\mesh\mesh_19.shp,value_06,-1,-1;value_07 "value_07" true false false 10 Long 0 10,First,#,F:/ResearchData/05-Paper/05_UAV4NC_2025/Code/Data/City/Changsha\mesh\mesh_19.shp,value_07,-1,-1;value_08 "value_08" true false false 10 Long 0 10,First,#,F:/ResearchData/05-Paper/05_UAV4NC_2025/Code/Data/City/Changsha\mesh\mesh_19.shp,value_08,-1,-1;value_09 "value_09" true false false 10 Long 0 10,First,#,F:/ResearchData/05-Paper/05_UAV4NC_2025/Code/Data/City/Changsha\mesh\mesh_19.shp,value_09,-1,-1;value_10 "value_10" true false false 10 Long 0 10,First,#,F:/ResearchData/05-Paper/05_UAV4NC_2025/Code/Data/City/Changsha\mesh\mesh_19.shp,value_10,-1,-1;value_11 "value_11" true false false 10 Long 0 10,First,#,F:/ResearchData/05-Paper/05_UAV4NC_2025/Code/Data/City/Changsha\mesh\mesh_19.shp,value_11,-1,-1;value_12 "value_12" true false false 10 Long 0 10,First,#,F:/ResearchData/05-Paper/05_UAV4NC_2025/Code/Data/City/Changsha\mesh\mesh_19.shp,value_12,-1,-1;value_13 "value_13" true false false 10 Long 0 10,First,#,F:/ResearchData/05-Paper/05_UAV4NC_2025/Code/Data/City/Changsha\mesh\mesh_19.shp,value_13,-1,-1;value_14 "value_14" true false false 10 Long 0 10,First,#,F:/ResearchData/05-Paper/05_UAV4NC_2025/Code/Data/City/Changsha\mesh\mesh_19.shp,value_14,-1,-1;value_15 "value_15" true false false 10 Long 0 10,First,#,F:/ResearchData/05-Paper/05_UAV4NC_2025/Code/Data/City/Changsha\mesh\mesh_19.shp,value_15,-1,-1;value_16 "value_16" true false false 10 Long 0 10,First,#,F:/ResearchData/05-Paper/05_UAV4NC_2025/Code/Data/City/Changsha\mesh\mesh_19.shp,value_16,-1,-1;value_17 "value_17" true false false 10 Long 0 10,First,#,F:/ResearchData/05-Paper/05_UAV4NC_2025/Code/Data/City/Changsha\mesh\mesh_19.shp,value_17,-1,-1;value_18 "value_18" true false false 10 Long 0 10,First,#,F:/ResearchData/05-Paper/05_UAV4NC_2025/Code/Data/City/Changsha\mesh\mesh_19.shp,value_18,-1,-1;value_19 "Population at 19:00" true false false 10 Long 0 10,Sum,#,F:/ResearchData/05-Paper/05_UAV4NC_2025/Code/Data/City/Changsha\Pop_point\19.shp,value,-1,-1" 包含 # #</Process><Process ToolSource="d:\program files\arcgis\pro\Resources\ArcToolbox\toolboxes\Analysis Tools.tbx\SpatialJoin" Date="20250606" Time="134144">SpatialJoin F:/ResearchData/05-Paper/05_UAV4NC_2025/Code/Data/City/Changsha\mesh\mesh_20.shp F:/ResearchData/05-Paper/05_UAV4NC_2025/Code/Data/City/Changsha\Pop_point\20.shp F:/ResearchData/05-Paper/05_UAV4NC_2025/Code/Data/City/Changsha\mesh\mesh_21.shp 一对一连接 KEEP_ALL "value_00 "value_00" true false false 10 Long 0 10,First,#,F:/ResearchData/05-Paper/05_UAV4NC_2025/Code/Data/City/Changsha\mesh\mesh_20.shp,value_00,-1,-1;value_01 "value_01" true false false 10 Long 0 10,First,#,F:/ResearchData/05-Paper/05_UAV4NC_2025/Code/Data/City/Changsha\mesh\mesh_20.shp,value_01,-1,-1;value_02 "value_02" true false false 10 Long 0 10,First,#,F:/ResearchData/05-Paper/05_UAV4NC_2025/Code/Data/City/Changsha\mesh\mesh_20.shp,value_02,-1,-1;value_03 "value_03" true false false 10 Long 0 10,First,#,F:/ResearchData/05-Paper/05_UAV4NC_2025/Code/Data/City/Changsha\mesh\mesh_20.shp,value_03,-1,-1;value_04 "value_04" true false false 10 Long 0 10,First,#,F:/ResearchData/05-Paper/05_UAV4NC_2025/Code/Data/City/Changsha\mesh\mesh_20.shp,value_04,-1,-1;value_05 "value_05" true false false 10 Long 0 10,First,#,F:/ResearchData/05-Paper/05_UAV4NC_2025/Code/Data/City/Changsha\mesh\mesh_20.shp,value_05,-1,-1;value_06 "value_06" true false false 10 Long 0 10,First,#,F:/ResearchData/05-Paper/05_UAV4NC_2025/Code/Data/City/Changsha\mesh\mesh_20.shp,value_06,-1,-1;value_07 "value_07" true false false 10 Long 0 10,First,#,F:/ResearchData/05-Paper/05_UAV4NC_2025/Code/Data/City/Changsha\mesh\mesh_20.shp,value_07,-1,-1;value_08 "value_08" true false false 10 Long 0 10,First,#,F:/ResearchData/05-Paper/05_UAV4NC_2025/Code/Data/City/Changsha\mesh\mesh_20.shp,value_08,-1,-1;value_09 "value_09" true false false 10 Long 0 10,First,#,F:/ResearchData/05-Paper/05_UAV4NC_2025/Code/Data/City/Changsha\mesh\mesh_20.shp,value_09,-1,-1;value_10 "value_10" true false false 10 Long 0 10,First,#,F:/ResearchData/05-Paper/05_UAV4NC_2025/Code/Data/City/Changsha\mesh\mesh_20.shp,value_10,-1,-1;value_11 "value_11" true false false 10 Long 0 10,First,#,F:/ResearchData/05-Paper/05_UAV4NC_2025/Code/Data/City/Changsha\mesh\mesh_20.shp,value_11,-1,-1;value_12 "value_12" true false false 10 Long 0 10,First,#,F:/ResearchData/05-Paper/05_UAV4NC_2025/Code/Data/City/Changsha\mesh\mesh_20.shp,value_12,-1,-1;value_13 "value_13" true false false 10 Long 0 10,First,#,F:/ResearchData/05-Paper/05_UAV4NC_2025/Code/Data/City/Changsha\mesh\mesh_20.shp,value_13,-1,-1;value_14 "value_14" true false false 10 Long 0 10,First,#,F:/ResearchData/05-Paper/05_UAV4NC_2025/Code/Data/City/Changsha\mesh\mesh_20.shp,value_14,-1,-1;value_15 "value_15" true false false 10 Long 0 10,First,#,F:/ResearchData/05-Paper/05_UAV4NC_2025/Code/Data/City/Changsha\mesh\mesh_20.shp,value_15,-1,-1;value_16 "value_16" true false false 10 Long 0 10,First,#,F:/ResearchData/05-Paper/05_UAV4NC_2025/Code/Data/City/Changsha\mesh\mesh_20.shp,value_16,-1,-1;value_17 "value_17" true false false 10 Long 0 10,First,#,F:/ResearchData/05-Paper/05_UAV4NC_2025/Code/Data/City/Changsha\mesh\mesh_20.shp,value_17,-1,-1;value_18 "value_18" true false false 10 Long 0 10,First,#,F:/ResearchData/05-Paper/05_UAV4NC_2025/Code/Data/City/Changsha\mesh\mesh_20.shp,value_18,-1,-1;value_19 "value_19" true false false 10 Long 0 10,First,#,F:/ResearchData/05-Paper/05_UAV4NC_2025/Code/Data/City/Changsha\mesh\mesh_20.shp,value_19,-1,-1;value_20 "Population at 20:00" true false false 10 Long 0 10,Sum,#,F:/ResearchData/05-Paper/05_UAV4NC_2025/Code/Data/City/Changsha\Pop_point\20.shp,value,-1,-1" 包含 # #</Process><Process ToolSource="d:\program files\arcgis\pro\Resources\ArcToolbox\toolboxes\Analysis Tools.tbx\SpatialJoin" Date="20250606" Time="134158">SpatialJoin F:/ResearchData/05-Paper/05_UAV4NC_2025/Code/Data/City/Changsha\mesh\mesh_21.shp F:/ResearchData/05-Paper/05_UAV4NC_2025/Code/Data/City/Changsha\Pop_point\21.shp F:/ResearchData/05-Paper/05_UAV4NC_2025/Code/Data/City/Changsha\mesh\mesh_22.shp 一对一连接 KEEP_ALL "value_00 "value_00" true false false 10 Long 0 10,First,#,F:/ResearchData/05-Paper/05_UAV4NC_2025/Code/Data/City/Changsha\mesh\mesh_21.shp,value_00,-1,-1;value_01 "value_01" true false false 10 Long 0 10,First,#,F:/ResearchData/05-Paper/05_UAV4NC_2025/Code/Data/City/Changsha\mesh\mesh_21.shp,value_01,-1,-1;value_02 "value_02" true false false 10 Long 0 10,First,#,F:/ResearchData/05-Paper/05_UAV4NC_2025/Code/Data/City/Changsha\mesh\mesh_21.shp,value_02,-1,-1;value_03 "value_03" true false false 10 Long 0 10,First,#,F:/ResearchData/05-Paper/05_UAV4NC_2025/Code/Data/City/Changsha\mesh\mesh_21.shp,value_03,-1,-1;value_04 "value_04" true false false 10 Long 0 10,First,#,F:/ResearchData/05-Paper/05_UAV4NC_2025/Code/Data/City/Changsha\mesh\mesh_21.shp,value_04,-1,-1;value_05 "value_05" true false false 10 Long 0 10,First,#,F:/ResearchData/05-Paper/05_UAV4NC_2025/Code/Data/City/Changsha\mesh\mesh_21.shp,value_05,-1,-1;value_06 "value_06" true false false 10 Long 0 10,First,#,F:/ResearchData/05-Paper/05_UAV4NC_2025/Code/Data/City/Changsha\mesh\mesh_21.shp,value_06,-1,-1;value_07 "value_07" true false false 10 Long 0 10,First,#,F:/ResearchData/05-Paper/05_UAV4NC_2025/Code/Data/City/Changsha\mesh\mesh_21.shp,value_07,-1,-1;value_08 "value_08" true false false 10 Long 0 10,First,#,F:/ResearchData/05-Paper/05_UAV4NC_2025/Code/Data/City/Changsha\mesh\mesh_21.shp,value_08,-1,-1;value_09 "value_09" true false false 10 Long 0 10,First,#,F:/ResearchData/05-Paper/05_UAV4NC_2025/Code/Data/City/Changsha\mesh\mesh_21.shp,value_09,-1,-1;value_10 "value_10" true false false 10 Long 0 10,First,#,F:/ResearchData/05-Paper/05_UAV4NC_2025/Code/Data/City/Changsha\mesh\mesh_21.shp,value_10,-1,-1;value_11 "value_11" true false false 10 Long 0 10,First,#,F:/ResearchData/05-Paper/05_UAV4NC_2025/Code/Data/City/Changsha\mesh\mesh_21.shp,value_11,-1,-1;value_12 "value_12" true false false 10 Long 0 10,First,#,F:/ResearchData/05-Paper/05_UAV4NC_2025/Code/Data/City/Changsha\mesh\mesh_21.shp,value_12,-1,-1;value_13 "value_13" true false false 10 Long 0 10,First,#,F:/ResearchData/05-Paper/05_UAV4NC_2025/Code/Data/City/Changsha\mesh\mesh_21.shp,value_13,-1,-1;value_14 "value_14" true false false 10 Long 0 10,First,#,F:/ResearchData/05-Paper/05_UAV4NC_2025/Code/Data/City/Changsha\mesh\mesh_21.shp,value_14,-1,-1;value_15 "value_15" true false false 10 Long 0 10,First,#,F:/ResearchData/05-Paper/05_UAV4NC_2025/Code/Data/City/Changsha\mesh\mesh_21.shp,value_15,-1,-1;value_16 "value_16" true false false 10 Long 0 10,First,#,F:/ResearchData/05-Paper/05_UAV4NC_2025/Code/Data/City/Changsha\mesh\mesh_21.shp,value_16,-1,-1;value_17 "value_17" true false false 10 Long 0 10,First,#,F:/ResearchData/05-Paper/05_UAV4NC_2025/Code/Data/City/Changsha\mesh\mesh_21.shp,value_17,-1,-1;value_18 "value_18" true false false 10 Long 0 10,First,#,F:/ResearchData/05-Paper/05_UAV4NC_2025/Code/Data/City/Changsha\mesh\mesh_21.shp,value_18,-1,-1;value_19 "value_19" true false false 10 Long 0 10,First,#,F:/ResearchData/05-Paper/05_UAV4NC_2025/Code/Data/City/Changsha\mesh\mesh_21.shp,value_19,-1,-1;value_20 "value_20" true false false 10 Long 0 10,First,#,F:/ResearchData/05-Paper/05_UAV4NC_2025/Code/Data/City/Changsha\mesh\mesh_21.shp,value_20,-1,-1;value_21 "Population at 21:00" true false false 10 Long 0 10,Sum,#,F:/ResearchData/05-Paper/05_UAV4NC_2025/Code/Data/City/Changsha\Pop_point\21.shp,value,-1,-1" 包含 # #</Process><Process ToolSource="d:\program files\arcgis\pro\Resources\ArcToolbox\toolboxes\Analysis Tools.tbx\SpatialJoin" Date="20250606" Time="134213">SpatialJoin F:/ResearchData/05-Paper/05_UAV4NC_2025/Code/Data/City/Changsha\mesh\mesh_22.shp F:/ResearchData/05-Paper/05_UAV4NC_2025/Code/Data/City/Changsha\Pop_point\22.shp F:/ResearchData/05-Paper/05_UAV4NC_2025/Code/Data/City/Changsha\mesh\mesh_23.shp 一对一连接 KEEP_ALL "value_00 "value_00" true false false 10 Long 0 10,First,#,F:/ResearchData/05-Paper/05_UAV4NC_2025/Code/Data/City/Changsha\mesh\mesh_22.shp,value_00,-1,-1;value_01 "value_01" true false false 10 Long 0 10,First,#,F:/ResearchData/05-Paper/05_UAV4NC_2025/Code/Data/City/Changsha\mesh\mesh_22.shp,value_01,-1,-1;value_02 "value_02" true false false 10 Long 0 10,First,#,F:/ResearchData/05-Paper/05_UAV4NC_2025/Code/Data/City/Changsha\mesh\mesh_22.shp,value_02,-1,-1;value_03 "value_03" true false false 10 Long 0 10,First,#,F:/ResearchData/05-Paper/05_UAV4NC_2025/Code/Data/City/Changsha\mesh\mesh_22.shp,value_03,-1,-1;value_04 "value_04" true false false 10 Long 0 10,First,#,F:/ResearchData/05-Paper/05_UAV4NC_2025/Code/Data/City/Changsha\mesh\mesh_22.shp,value_04,-1,-1;value_05 "value_05" true false false 10 Long 0 10,First,#,F:/ResearchData/05-Paper/05_UAV4NC_2025/Code/Data/City/Changsha\mesh\mesh_22.shp,value_05,-1,-1;value_06 "value_06" true false false 10 Long 0 10,First,#,F:/ResearchData/05-Paper/05_UAV4NC_2025/Code/Data/City/Changsha\mesh\mesh_22.shp,value_06,-1,-1;value_07 "value_07" true false false 10 Long 0 10,First,#,F:/ResearchData/05-Paper/05_UAV4NC_2025/Code/Data/City/Changsha\mesh\mesh_22.shp,value_07,-1,-1;value_08 "value_08" true false false 10 Long 0 10,First,#,F:/ResearchData/05-Paper/05_UAV4NC_2025/Code/Data/City/Changsha\mesh\mesh_22.shp,value_08,-1,-1;value_09 "value_09" true false false 10 Long 0 10,First,#,F:/ResearchData/05-Paper/05_UAV4NC_2025/Code/Data/City/Changsha\mesh\mesh_22.shp,value_09,-1,-1;value_10 "value_10" true false false 10 Long 0 10,First,#,F:/ResearchData/05-Paper/05_UAV4NC_2025/Code/Data/City/Changsha\mesh\mesh_22.shp,value_10,-1,-1;value_11 "value_11" true false false 10 Long 0 10,First,#,F:/ResearchData/05-Paper/05_UAV4NC_2025/Code/Data/City/Changsha\mesh\mesh_22.shp,value_11,-1,-1;value_12 "value_12" true false false 10 Long 0 10,First,#,F:/ResearchData/05-Paper/05_UAV4NC_2025/Code/Data/City/Changsha\mesh\mesh_22.shp,value_12,-1,-1;value_13 "value_13" true false false 10 Long 0 10,First,#,F:/ResearchData/05-Paper/05_UAV4NC_2025/Code/Data/City/Changsha\mesh\mesh_22.shp,value_13,-1,-1;value_14 "value_14" true false false 10 Long 0 10,First,#,F:/ResearchData/05-Paper/05_UAV4NC_2025/Code/Data/City/Changsha\mesh\mesh_22.shp,value_14,-1,-1;value_15 "value_15" true false false 10 Long 0 10,First,#,F:/ResearchData/05-Paper/05_UAV4NC_2025/Code/Data/City/Changsha\mesh\mesh_22.shp,value_15,-1,-1;value_16 "value_16" true false false 10 Long 0 10,First,#,F:/ResearchData/05-Paper/05_UAV4NC_2025/Code/Data/City/Changsha\mesh\mesh_22.shp,value_16,-1,-1;value_17 "value_17" true false false 10 Long 0 10,First,#,F:/ResearchData/05-Paper/05_UAV4NC_2025/Code/Data/City/Changsha\mesh\mesh_22.shp,value_17,-1,-1;value_18 "value_18" true false false 10 Long 0 10,First,#,F:/ResearchData/05-Paper/05_UAV4NC_2025/Code/Data/City/Changsha\mesh\mesh_22.shp,value_18,-1,-1;value_19 "value_19" true false false 10 Long 0 10,First,#,F:/ResearchData/05-Paper/05_UAV4NC_2025/Code/Data/City/Changsha\mesh\mesh_22.shp,value_19,-1,-1;value_20 "value_20" true false false 10 Long 0 10,First,#,F:/ResearchData/05-Paper/05_UAV4NC_2025/Code/Data/City/Changsha\mesh\mesh_22.shp,value_20,-1,-1;value_21 "value_21" true false false 10 Long 0 10,First,#,F:/ResearchData/05-Paper/05_UAV4NC_2025/Code/Data/City/Changsha\mesh\mesh_22.shp,value_21,-1,-1;value_22 "Population at 22:00" true false false 10 Long 0 10,Sum,#,F:/ResearchData/05-Paper/05_UAV4NC_2025/Code/Data/City/Changsha\Pop_point\22.shp,value,-1,-1" 包含 # #</Process><Process ToolSource="d:\program files\arcgis\pro\Resources\ArcToolbox\toolboxes\Analysis Tools.tbx\SpatialJoin" Date="20250606" Time="134227">SpatialJoin F:/ResearchData/05-Paper/05_UAV4NC_2025/Code/Data/City/Changsha\mesh\mesh_23.shp F:/ResearchData/05-Paper/05_UAV4NC_2025/Code/Data/City/Changsha\Pop_point\23.shp F:/ResearchData/05-Paper/05_UAV4NC_2025/Code/Data/City/Changsha\mesh\mesh_changsha.shp 一对一连接 KEEP_ALL "value_00 "value_00" true false false 10 Long 0 10,First,#,F:/ResearchData/05-Paper/05_UAV4NC_2025/Code/Data/City/Changsha\mesh\mesh_23.shp,value_00,-1,-1;value_01 "value_01" true false false 10 Long 0 10,First,#,F:/ResearchData/05-Paper/05_UAV4NC_2025/Code/Data/City/Changsha\mesh\mesh_23.shp,value_01,-1,-1;value_02 "value_02" true false false 10 Long 0 10,First,#,F:/ResearchData/05-Paper/05_UAV4NC_2025/Code/Data/City/Changsha\mesh\mesh_23.shp,value_02,-1,-1;value_03 "value_03" true false false 10 Long 0 10,First,#,F:/ResearchData/05-Paper/05_UAV4NC_2025/Code/Data/City/Changsha\mesh\mesh_23.shp,value_03,-1,-1;value_04 "value_04" true false false 10 Long 0 10,First,#,F:/ResearchData/05-Paper/05_UAV4NC_2025/Code/Data/City/Changsha\mesh\mesh_23.shp,value_04,-1,-1;value_05 "value_05" true false false 10 Long 0 10,First,#,F:/ResearchData/05-Paper/05_UAV4NC_2025/Code/Data/City/Changsha\mesh\mesh_23.shp,value_05,-1,-1;value_06 "value_06" true false false 10 Long 0 10,First,#,F:/ResearchData/05-Paper/05_UAV4NC_2025/Code/Data/City/Changsha\mesh\mesh_23.shp,value_06,-1,-1;value_07 "value_07" true false false 10 Long 0 10,First,#,F:/ResearchData/05-Paper/05_UAV4NC_2025/Code/Data/City/Changsha\mesh\mesh_23.shp,value_07,-1,-1;value_08 "value_08" true false false 10 Long 0 10,First,#,F:/ResearchData/05-Paper/05_UAV4NC_2025/Code/Data/City/Changsha\mesh\mesh_23.shp,value_08,-1,-1;value_09 "value_09" true false false 10 Long 0 10,First,#,F:/ResearchData/05-Paper/05_UAV4NC_2025/Code/Data/City/Changsha\mesh\mesh_23.shp,value_09,-1,-1;value_10 "value_10" true false false 10 Long 0 10,First,#,F:/ResearchData/05-Paper/05_UAV4NC_2025/Code/Data/City/Changsha\mesh\mesh_23.shp,value_10,-1,-1;value_11 "value_11" true false false 10 Long 0 10,First,#,F:/ResearchData/05-Paper/05_UAV4NC_2025/Code/Data/City/Changsha\mesh\mesh_23.shp,value_11,-1,-1;value_12 "value_12" true false false 10 Long 0 10,First,#,F:/ResearchData/05-Paper/05_UAV4NC_2025/Code/Data/City/Changsha\mesh\mesh_23.shp,value_12,-1,-1;value_13 "value_13" true false false 10 Long 0 10,First,#,F:/ResearchData/05-Paper/05_UAV4NC_2025/Code/Data/City/Changsha\mesh\mesh_23.shp,value_13,-1,-1;value_14 "value_14" true false false 10 Long 0 10,First,#,F:/ResearchData/05-Paper/05_UAV4NC_2025/Code/Data/City/Changsha\mesh\mesh_23.shp,value_14,-1,-1;value_15 "value_15" true false false 10 Long 0 10,First,#,F:/ResearchData/05-Paper/05_UAV4NC_2025/Code/Data/City/Changsha\mesh\mesh_23.shp,value_15,-1,-1;value_16 "value_16" true false false 10 Long 0 10,First,#,F:/ResearchData/05-Paper/05_UAV4NC_2025/Code/Data/City/Changsha\mesh\mesh_23.shp,value_16,-1,-1;value_17 "value_17" true false false 10 Long 0 10,First,#,F:/ResearchData/05-Paper/05_UAV4NC_2025/Code/Data/City/Changsha\mesh\mesh_23.shp,value_17,-1,-1;value_18 "value_18" true false false 10 Long 0 10,First,#,F:/ResearchData/05-Paper/05_UAV4NC_2025/Code/Data/City/Changsha\mesh\mesh_23.shp,value_18,-1,-1;value_19 "value_19" true false false 10 Long 0 10,First,#,F:/ResearchData/05-Paper/05_UAV4NC_2025/Code/Data/City/Changsha\mesh\mesh_23.shp,value_19,-1,-1;value_20 "value_20" true false false 10 Long 0 10,First,#,F:/ResearchData/05-Paper/05_UAV4NC_2025/Code/Data/City/Changsha\mesh\mesh_23.shp,value_20,-1,-1;value_21 "value_21" true false false 10 Long 0 10,First,#,F:/ResearchData/05-Paper/05_UAV4NC_2025/Code/Data/City/Changsha\mesh\mesh_23.shp,value_21,-1,-1;value_22 "value_22" true false false 10 Long 0 10,First,#,F:/ResearchData/05-Paper/05_UAV4NC_2025/Code/Data/City/Changsha\mesh\mesh_23.shp,value_22,-1,-1;value_23 "Population at 23:00" true false false 10 Long 0 10,Sum,#,F:/ResearchData/05-Paper/05_UAV4NC_2025/Code/Data/City/Changsha\Pop_point\23.shp,value,-1,-1" 包含 # #</Process><Process ToolSource="d:\program files\arcgis\pro\Resources\ArcToolbox\toolboxes\Data Management Tools.tbx\UpdateSchema" Date="20250606" Time="143155">UpdateSchema "CIMDATA=&lt;CIMStandardDataConnection xsi:type='typens:CIMStandardDataConnection' xmlns:xsi='http://www.w3.org/2001/XMLSchema-instance' xmlns:xs='http://www.w3.org/2001/XMLSchema' xmlns:typens='http://www.esri.com/schemas/ArcGIS/3.1.0'&gt;&lt;WorkspaceConnectionString&gt;DATABASE=F:\ResearchData\05-Paper\05_UAV4NC_2025\Code\Data\City\Changsha\mesh&lt;/WorkspaceConnectionString&gt;&lt;WorkspaceFactory&gt;Shapefile&lt;/WorkspaceFactory&gt;&lt;Dataset&gt;mesh_changsha&lt;/Dataset&gt;&lt;DatasetType&gt;esriDTFeatureClass&lt;/DatasetType&gt;&lt;/CIMStandardDataConnection&gt;" &lt;operationSequence&gt;&lt;workflow&gt;&lt;AddField&gt;&lt;field_name&gt;Log&lt;/field_name&gt;&lt;field_type&gt;DOUBLE&lt;/field_type&gt;&lt;field_is_nullable&gt;False&lt;/field_is_nullable&gt;&lt;field_is_required&gt;False&lt;/field_is_required&gt;&lt;/AddField&gt;&lt;/workflow&gt;&lt;workflow&gt;&lt;AddField&gt;&lt;field_name&gt;Lat&lt;/field_name&gt;&lt;field_type&gt;DOUBLE&lt;/field_type&gt;&lt;field_is_nullable&gt;False&lt;/field_is_nullable&gt;&lt;field_is_required&gt;False&lt;/field_is_required&gt;&lt;/AddField&gt;&lt;/workflow&gt;&lt;/operationSequence&gt;</Process><Process ToolSource="d:\program files\arcgis\pro\Resources\ArcToolbox\toolboxes\Data Management Tools.tbx\CalculateGeometryAttributes" Date="20250606" Time="143224">CalculateGeometryAttributes mesh_changsha "Log CENTROID_X;Lat CENTROID_Y" # # GEOGCS["GCS_WGS_1984",DATUM["D_WGS_1984",SPHEROID["WGS_1984",6378137.0,298.257223563]],PRIMEM["Greenwich",0.0],UNIT["Degree",0.0174532925199433]] 与输入相同</Process></lineage><itemProps><itemName Sync="TRUE">mesh_changsha</itemName><imsContentType Sync="TRUE">002</imsContentType><itemSize Sync="TRUE">0.000</itemSize><itemLocation><linkage Sync="TRUE">file://\\YIAN\F$\ResearchData\05-Paper\05_UAV4NC_2025\Code\Data\City\Changsha\mesh\mesh_changsha.shp</linkage><protocol Sync="TRUE">Local Area Network</protocol></itemLocation></itemProps><coordRef><type Sync="TRUE">Geographic</type><geogcsn Sync="TRUE">GCS_WGS_1984</geogcsn><csUnits Sync="TRUE">Angular Unit: Degree (0.017453)</csUnits><peXml Sync="TRUE">&lt;GeographicCoordinateSystem xsi:type='typens:GeographicCoordinateSystem' xmlns:xsi='http://www.w3.org/2001/XMLSchema-instance' xmlns:xs='http://www.w3.org/2001/XMLSchema' xmlns:typens='http://www.esri.com/schemas/ArcGIS/3.1.0'&gt;&lt;WKT&gt;GEOGCS[&amp;quot;GCS_WGS_1984&amp;quot;,DATUM[&amp;quot;D_WGS_1984&amp;quot;,SPHEROID[&amp;quot;WGS_1984&amp;quot;,6378137.0,298.257223563]],PRIMEM[&amp;quot;Greenwich&amp;quot;,0.0],UNIT[&amp;quot;Degree&amp;quot;,0.0174532925199433],AUTHORITY[&amp;quot;EPSG&amp;quot;,4326]]&lt;/WKT&gt;&lt;XOrigin&gt;-400&lt;/XOrigin&gt;&lt;YOrigin&gt;-400&lt;/YOrigin&gt;&lt;XYScale&gt;11258999068426.238&lt;/XYScale&gt;&lt;ZOrigin&gt;-100000&lt;/ZOrigin&gt;&lt;ZScale&gt;10000&lt;/ZScale&gt;&lt;MOrigin&gt;-100000&lt;/MOrigin&gt;&lt;MScale&gt;10000&lt;/MScale&gt;&lt;XYTolerance&gt;8.983152841195215e-09&lt;/XYTolerance&gt;&lt;ZTolerance&gt;0.001&lt;/ZTolerance&gt;&lt;MTolerance&gt;0.001&lt;/MTolerance&gt;&lt;HighPrecision&gt;true&lt;/HighPrecision&gt;&lt;LeftLongitude&gt;-180&lt;/LeftLongitude&gt;&lt;WKID&gt;4326&lt;/WKID&gt;&lt;LatestWKID&gt;4326&lt;/LatestWKID&gt;&lt;/GeographicCoordinateSystem&gt;</peXml></coordRef></DataProperties><SyncDate>20250606</SyncDate><SyncTime>13422400</SyncTime><ModDate>20250606</ModDate><ModTime>13422400</ModTime></Esri><dataIdInfo><envirDesc Sync="TRUE">Microsoft Windows 10 Version 10.0 (Build 26100) ; Esri ArcGIS 13.1.5.41833</envirDesc><dataLang><languageCode value="zho" Sync="TRUE"></languageCode><countryCode value="CHN" Sync="TRUE"></countryCode></dataLang><idCitation><resTitle Sync="TRUE">mesh_changsha</resTitle><presForm><PresFormCd value="005" Sync="TRUE"></PresFormCd></presForm></idCitation><spatRpType><SpatRepTypCd value="001" Sync="TRUE"></SpatRepTypCd></spatRpType></dataIdInfo><mdLang><languageCode value="zho" Sync="TRUE"></languageCode><countryCode value="CHN" Sync="TRUE"></countryCode></mdLang><mdChar><CharSetCd value="004" Sync="TRUE"></CharSetCd></mdChar><distInfo><distFormat><formatName Sync="TRUE">Shapefile</formatName></distFormat><distTranOps><transSize Sync="TRUE">0.000</transSize></distTranOps></distInfo><mdHrLv><ScopeCd value="005" Sync="TRUE"></ScopeCd></mdHrLv><mdHrLvName Sync="TRUE">dataset</mdHrLvName><refSysInfo><RefSystem><refSysID><identCode code="4326" Sync="TRUE"></identCode><idCodeSpace Sync="TRUE">EPSG</idCodeSpace><idVersion Sync="TRUE">6.2(3.0.1)</idVersion></refSysID></RefSystem></refSysInfo><spatRepInfo><VectSpatRep><geometObjs Name="mesh_changsha"><geoObjTyp><GeoObjTypCd value="002" Sync="TRUE"></GeoObjTypCd></geoObjTyp><geoObjCnt Sync="TRUE">0</geoObjCnt></geometObjs><topLvl><TopoLevCd value="001" Sync="TRUE"></TopoLevCd></topLvl></VectSpatRep></spatRepInfo><spdoinfo><ptvctinf><esriterm Name="mesh_changsha"><efeatyp Sync="TRUE">Simple</efeatyp><efeageom code="4" Sync="TRUE"></efeageom><esritopo Sync="TRUE">FALSE</esritopo><efeacnt Sync="TRUE">0</efeacnt><spindex Sync="TRUE">FALSE</spindex><linrefer Sync="TRUE">TRUE</linrefer></esriterm></ptvctinf></spdoinfo><eainfo><detailed Name="mesh_changsha"><enttyp><enttypl Sync="TRUE">mesh_changsha</enttypl><enttypt Sync="TRUE">Feature Class</enttypt><enttypc Sync="TRUE">0</enttypc></enttyp><attr><attrlabl Sync="TRUE">FID</attrlabl><attalias Sync="TRUE">FID</attalias><attrtype Sync="TRUE">OID</attrtype><attwidth Sync="TRUE">4</attwidth><atprecis Sync="TRUE">0</atprecis><attscale Sync="TRUE">0</attscale><attrdef Sync="TRUE">Internal feature number.</attrdef><attrdefs Sync="TRUE">Esri</attrdefs><attrdomv><udom Sync="TRUE">Sequential unique whole numbers that are automatically generated.</udom></attrdomv></attr><attr><attrlabl Sync="TRUE">Shape</attrlabl><attalias Sync="TRUE">Shape</attalias><attrtype Sync="TRUE">Geometry</attrtype><attwidth Sync="TRUE">0</attwidth><atprecis Sync="TRUE">0</atprecis><attscale Sync="TRUE">0</attscale><attrdef Sync="TRUE">Feature geometry.</attrdef><attrdefs Sync="TRUE">Esri</attrdefs><attrdomv><udom Sync="TRUE">Coordinates defining the features.</udom></attrdomv></attr><attr><attrlabl Sync="TRUE">Join_Count</attrlabl><attalias Sync="TRUE">Join_Count</attalias><attrtype Sync="TRUE">Integer</attrtype><attwidth Sync="TRUE">10</attwidth><atprecis Sync="TRUE">10</atprecis><attscale Sync="TRUE">0</attscale></attr><attr><attrlabl Sync="TRUE">TARGET_FID</attrlabl><attalias Sync="TRUE">TARGET_FID</attalias><attrtype Sync="TRUE">Integer</attrtype><attwidth Sync="TRUE">10</attwidth><atprecis Sync="TRUE">10</atprecis><attscale Sync="TRUE">0</attscale></attr><attr><attrlabl Sync="TRUE">value_00</attrlabl><attalias Sync="TRUE">value_00</attalias><attrtype Sync="TRUE">Integer</attrtype><attwidth Sync="TRUE">10</attwidth><atprecis Sync="TRUE">10</atprecis><attscale Sync="TRUE">0</attscale></attr><attr><attrlabl Sync="TRUE">value_01</attrlabl><attalias Sync="TRUE">value_01</attalias><attrtype Sync="TRUE">Integer</attrtype><attwidth Sync="TRUE">10</attwidth><atprecis Sync="TRUE">10</atprecis><attscale Sync="TRUE">0</attscale></attr><attr><attrlabl Sync="TRUE">value_02</attrlabl><attalias Sync="TRUE">value_02</attalias><attrtype Sync="TRUE">Integer</attrtype><attwidth Sync="TRUE">10</attwidth><atprecis Sync="TRUE">10</atprecis><attscale Sync="TRUE">0</attscale></attr><attr><attrlabl Sync="TRUE">value_03</attrlabl><attalias Sync="TRUE">value_03</attalias><attrtype Sync="TRUE">Integer</attrtype><attwidth Sync="TRUE">10</attwidth><atprecis Sync="TRUE">10</atprecis><attscale Sync="TRUE">0</attscale></attr><attr><attrlabl Sync="TRUE">value_04</attrlabl><attalias Sync="TRUE">value_04</attalias><attrtype Sync="TRUE">Integer</attrtype><attwidth Sync="TRUE">10</attwidth><atprecis Sync="TRUE">10</atprecis><attscale Sync="TRUE">0</attscale></attr><attr><attrlabl Sync="TRUE">value_05</attrlabl><attalias Sync="TRUE">value_05</attalias><attrtype Sync="TRUE">Integer</attrtype><attwidth Sync="TRUE">10</attwidth><atprecis Sync="TRUE">10</atprecis><attscale Sync="TRUE">0</attscale></attr><attr><attrlabl Sync="TRUE">value_06</attrlabl><attalias Sync="TRUE">value_06</attalias><attrtype Sync="TRUE">Integer</attrtype><attwidth Sync="TRUE">10</attwidth><atprecis Sync="TRUE">10</atprecis><attscale Sync="TRUE">0</attscale></attr><attr><attrlabl Sync="TRUE">value_07</attrlabl><attalias Sync="TRUE">value_07</attalias><attrtype Sync="TRUE">Integer</attrtype><attwidth Sync="TRUE">10</attwidth><atprecis Sync="TRUE">10</atprecis><attscale Sync="TRUE">0</attscale></attr><attr><attrlabl Sync="TRUE">value_08</attrlabl><attalias Sync="TRUE">value_08</attalias><attrtype Sync="TRUE">Integer</attrtype><attwidth Sync="TRUE">10</attwidth><atprecis Sync="TRUE">10</atprecis><attscale Sync="TRUE">0</attscale></attr><attr><attrlabl Sync="TRUE">value_09</attrlabl><attalias Sync="TRUE">value_09</attalias><attrtype Sync="TRUE">Integer</attrtype><attwidth Sync="TRUE">10</attwidth><atprecis Sync="TRUE">10</atprecis><attscale Sync="TRUE">0</attscale></attr><attr><attrlabl Sync="TRUE">value_10</attrlabl><attalias Sync="TRUE">value_10</attalias><attrtype Sync="TRUE">Integer</attrtype><attwidth Sync="TRUE">10</attwidth><atprecis Sync="TRUE">10</atprecis><attscale Sync="TRUE">0</attscale></attr><attr><attrlabl Sync="TRUE">value_11</attrlabl><attalias Sync="TRUE">value_11</attalias><attrtype Sync="TRUE">Integer</attrtype><attwidth Sync="TRUE">10</attwidth><atprecis Sync="TRUE">10</atprecis><attscale Sync="TRUE">0</attscale></attr><attr><attrlabl Sync="TRUE">value_12</attrlabl><attalias Sync="TRUE">value_12</attalias><attrtype Sync="TRUE">Integer</attrtype><attwidth Sync="TRUE">10</attwidth><atprecis Sync="TRUE">10</atprecis><attscale Sync="TRUE">0</attscale></attr><attr><attrlabl Sync="TRUE">value_13</attrlabl><attalias Sync="TRUE">value_13</attalias><attrtype Sync="TRUE">Integer</attrtype><attwidth Sync="TRUE">10</attwidth><atprecis Sync="TRUE">10</atprecis><attscale Sync="TRUE">0</attscale></attr><attr><attrlabl Sync="TRUE">value_14</attrlabl><attalias Sync="TRUE">value_14</attalias><attrtype Sync="TRUE">Integer</attrtype><attwidth Sync="TRUE">10</attwidth><atprecis Sync="TRUE">10</atprecis><attscale Sync="TRUE">0</attscale></attr><attr><attrlabl Sync="TRUE">value_15</attrlabl><attalias Sync="TRUE">value_15</attalias><attrtype Sync="TRUE">Integer</attrtype><attwidth Sync="TRUE">10</attwidth><atprecis Sync="TRUE">10</atprecis><attscale Sync="TRUE">0</attscale></attr><attr><attrlabl Sync="TRUE">value_16</attrlabl><attalias Sync="TRUE">value_16</attalias><attrtype Sync="TRUE">Integer</attrtype><attwidth Sync="TRUE">10</attwidth><atprecis Sync="TRUE">10</atprecis><attscale Sync="TRUE">0</attscale></attr><attr><attrlabl Sync="TRUE">value_17</attrlabl><attalias Sync="TRUE">value_17</attalias><attrtype Sync="TRUE">Integer</attrtype><attwidth Sync="TRUE">10</attwidth><atprecis Sync="TRUE">10</atprecis><attscale Sync="TRUE">0</attscale></attr><attr><attrlabl Sync="TRUE">value_18</attrlabl><attalias Sync="TRUE">value_18</attalias><attrtype Sync="TRUE">Integer</attrtype><attwidth Sync="TRUE">10</attwidth><atprecis Sync="TRUE">10</atprecis><attscale Sync="TRUE">0</attscale></attr><attr><attrlabl Sync="TRUE">value_19</attrlabl><attalias Sync="TRUE">value_19</attalias><attrtype Sync="TRUE">Integer</attrtype><attwidth Sync="TRUE">10</attwidth><atprecis Sync="TRUE">10</atprecis><attscale Sync="TRUE">0</attscale></attr><attr><attrlabl Sync="TRUE">value_20</attrlabl><attalias Sync="TRUE">value_20</attalias><attrtype Sync="TRUE">Integer</attrtype><attwidth Sync="TRUE">10</attwidth><atprecis Sync="TRUE">10</atprecis><attscale Sync="TRUE">0</attscale></attr><attr><attrlabl Sync="TRUE">value_21</attrlabl><attalias Sync="TRUE">value_21</attalias><attrtype Sync="TRUE">Integer</attrtype><attwidth Sync="TRUE">10</attwidth><atprecis Sync="TRUE">10</atprecis><attscale Sync="TRUE">0</attscale></attr><attr><attrlabl Sync="TRUE">value_22</attrlabl><attalias Sync="TRUE">value_22</attalias><attrtype Sync="TRUE">Integer</attrtype><attwidth Sync="TRUE">10</attwidth><atprecis Sync="TRUE">10</atprecis><attscale Sync="TRUE">0</attscale></attr><attr><attrlabl Sync="TRUE">value_23</attrlabl><attalias Sync="TRUE">value_23</attalias><attrtype Sync="TRUE">Integer</attrtype><attwidth Sync="TRUE">10</attwidth><atprecis Sync="TRUE">10</atprecis><attscale Sync="TRUE">0</attscale></attr></detailed></eainfo><mdDateSt Sync="TRUE">20250606</mdDateSt></metadata>
